/*
Navicat MySQL Data Transfer

Source Server         : localhost
Source Server Version : 50719
Source Host           : localhost:3306
Source Database       : resumes_blog

Target Server Type    : MYSQL
Target Server Version : 50719
File Encoding         : 65001

Date: 2017-11-13 21:18:02
*/

SET FOREIGN_KEY_CHECKS=0;

-- ----------------------------
-- Table structure for blog_category
-- ----------------------------
DROP TABLE IF EXISTS `blog_category`;
CREATE TABLE `blog_category` (
  `id` int(10) unsigned NOT NULL AUTO_INCREMENT,
  `pid` int(10) NOT NULL,
  `name` char(30) NOT NULL,
  `sub_title` varchar(255) DEFAULT NULL,
  `descript` text,
  `pic` varchar(255) NOT NULL,
  `rank` int(5) unsigned NOT NULL DEFAULT '100',
  `type` tinyint(1) unsigned NOT NULL DEFAULT '0',
  `switch` tinyint(1) NOT NULL DEFAULT '1',
  PRIMARY KEY (`id`)
) ENGINE=MyISAM AUTO_INCREMENT=13 DEFAULT CHARSET=utf8;

-- ----------------------------
-- Records of blog_category
-- ----------------------------
INSERT INTO `blog_category` VALUES ('1', '0', '首页', null, null, '', '100', '0', '1');
INSERT INTO `blog_category` VALUES ('2', '0', '前端', '一头前端攻城狮', '不断打造，想要成为优秀的攻城狮', 'pic02.jpg', '100', '0', '1');
INSERT INTO `blog_category` VALUES ('3', '0', '网安', '一个网安关注者', '乐于探索，乐于分享', 'pic03.png', '100', '0', '1');
INSERT INTO `blog_category` VALUES ('4', '0', '旅行', '一枚想要跑却跑不动的稻壳', '世界那么大，何必活得太局限', 'pic01.jpg', '100', '0', '1');
INSERT INTO `blog_category` VALUES ('5', '2', 'js', null, null, '', '100', '0', '1');
INSERT INTO `blog_category` VALUES ('6', '2', 'HTML/CSS', null, null, '', '100', '0', '1');
INSERT INTO `blog_category` VALUES ('7', '2', '工程化', null, null, '', '100', '0', '1');
INSERT INTO `blog_category` VALUES ('8', '3', '信息收集', null, null, '', '100', '0', '1');
INSERT INTO `blog_category` VALUES ('9', '3', '网络隐身', null, null, '', '100', '0', '1');
INSERT INTO `blog_category` VALUES ('10', '3', '网络攻击', null, null, '', '100', '0', '1');
INSERT INTO `blog_category` VALUES ('11', '5', 'NodeJs', null, null, '', '100', '1', '1');
INSERT INTO `blog_category` VALUES ('12', '7', 'WebPack', null, null, '', '100', '1', '1');

-- ----------------------------
-- Table structure for blog_detail
-- ----------------------------
DROP TABLE IF EXISTS `blog_detail`;
CREATE TABLE `blog_detail` (
  `id` int(10) unsigned NOT NULL AUTO_INCREMENT,
  `category_id` int(10) unsigned NOT NULL,
  `title` varchar(255) NOT NULL,
  `content` longtext,
  `times` int(10) unsigned DEFAULT '0' COMMENT '阅读次数',
  `create_time` int(10) NOT NULL,
  `update_time` int(10) NOT NULL,
  `label` int(10) DEFAULT '1',
  `status` tinyint(2) unsigned NOT NULL DEFAULT '1',
  PRIMARY KEY (`id`)
) ENGINE=MyISAM AUTO_INCREMENT=125 DEFAULT CHARSET=utf8;

-- ----------------------------
-- Records of blog_detail
-- ----------------------------
INSERT INTO `blog_detail` VALUES ('62', '5', '地方政府效率评价研究', '<p style=\"text-align:center\"><img src=\"http://managercenter.wvwvw.cn/ueditor/php/upload/image/20170415/1492262535136483.png\" title=\"1492262535136483.png\" alt=\"中心成果照片.png\" width=\"415\" height=\"595\" style=\"text-align: center; white-space: normal; text-indent: 32px; width: 415px; height: 595px;\"/></p><p style=\"text-indent: 2em;\">江西师范大学管理决策评价研究中心，致力于两大特色研究、打造两大研究品牌：一是，区域经济发展对策研究；二是，地方政府效率评价研究。</p><p style=\"text-indent: 2em;\">首先，打造区域经济发展对策研究品牌。管理决策评价研究中心积极协助江西经济发展研究院开展江西区域经济发展对策研究，秉承“服务江西地方经济、传播江西师大美誉”的发展理念，为江西省委省政府及相关政府部门、企事业单位建言献策、提供决策参考。管理决策评价研究中心研究员梅国平、李晓园等支持江西师范大学经济发展研究院连续出版内部刊物《江西发展研究》，该刊物立足江西及区域经济发展问题，提出可操作性对策建议，目前已经连续出版27期，每期成果受到政府主要领导关注及批示，成为区域经济社会发展对策研究的重要平台。比如，管理决策评价研究中心研究员梅国平、李晓园等带头在该内刊上发表“借鉴新西兰农业发展经验，推进我省农业供给侧改革”、“找准撬动县域经济发展的“支点”——吉水、石城、余江模式剖析及启示”等多篇调研报告，被江西省委书记鹿心社、省长刘奇等省级领导肯定性批示认可20多次。</p><p style=\"text-indent: 2em;\">其次，着力塑造中国地方政府效率研究标杆。管理决策评价研究中心自2011年以来，与北京师范大学管理学院、北京师范大学政府管理研究院合作，深入推进中国地方政府效率测度研究，连续发布了6本《中国地方政府效率研究年度报告》，已经成为国内研究地方政府效率的知名品牌，被人民日报、人民网、新华网、光明日报、光明网等60多家国内主流媒体肯定报道，被东莞、芜湖、山南等50多家地级市委党报或市长政府工作报告关注。同时，研究成果曾获时任国务委员、国务院秘书长马凯的批示，以及人力资源与社会保障部尹蔚民部长、杨士秋、胡晓义、信长星等三位副部长的批示；2016年研究成果“我国地方政府效率提升对策”被教育部采纳，并报送中共中央办公厅供国家领导人参阅；咨询报告“2016中国地方政府效率排行榜”获准进入2017年全国两会现场，供两会代表、其他与会人员参阅。&nbsp;</p><p style=\"line-height: 16px;\"><img style=\"vertical-align: middle; margin-right: 2px;\" src=\"http://managercenter.wvwvw.cn/Public/assets/global/plugins/ueditor/dialogs/attachment/fileTypeImages/icon_doc.gif\"/><a style=\"font-size:12px; color:#0066cc;\" href=\"/ueditor/php/upload/file/20170416/1492308962146910.doc\" title=\"2011中国省级地方政府效率研究报告.doc\">2011中国省级地方政府效率研究报告.doc</a></p><p style=\"line-height: 16px;\"><img style=\"vertical-align: middle; margin-right: 2px;\" src=\"http://managercenter.wvwvw.cn/Public/assets/global/plugins/ueditor/dialogs/attachment/fileTypeImages/icon_doc.gif\"/><a style=\"font-size:12px; color:#0066cc;\" href=\"/ueditor/php/upload/file/20170416/1492308962823628.doc\" title=\"2012中国省级地方政府效率研究报告.doc\">2012中国省级地方政府效率研究报告.doc</a></p><p style=\"line-height: 16px;\"><img style=\"vertical-align: middle; margin-right: 2px;\" src=\"http://managercenter.wvwvw.cn/Public/assets/global/plugins/ueditor/dialogs/attachment/fileTypeImages/icon_doc.gif\"/><a style=\"font-size:12px; color:#0066cc;\" href=\"/ueditor/php/upload/file/20170416/1492308962450370.doc\" title=\"2013中国省级地方政府效率研究报告.doc\">2013中国省级地方政府效率研究报告.doc</a></p><p style=\"line-height: 16px;\"><img style=\"vertical-align: middle; margin-right: 2px;\" src=\"http://managercenter.wvwvw.cn/Public/assets/global/plugins/ueditor/dialogs/attachment/fileTypeImages/icon_doc.gif\"/><a style=\"font-size:12px; color:#0066cc;\" href=\"/ueditor/php/upload/file/20170416/1492308962872340.doc\" title=\"2014中国地方政府效率研究报告.doc\">2014中国地方政府效率研究报告.doc</a></p><p style=\"line-height: 16px;\"><img style=\"vertical-align: middle; margin-right: 2px;\" src=\"http://managercenter.wvwvw.cn/Public/assets/global/plugins/ueditor/dialogs/attachment/fileTypeImages/icon_doc.gif\"/><a style=\"font-size:12px; color:#0066cc;\" href=\"/ueditor/php/upload/file/20170416/1492308962124680.doc\" title=\"2015中国地方政府效率研究报告.doc\">2015中国地方政府效率研究报告.doc</a></p><p style=\"line-height: 16px;\"><img style=\"vertical-align: middle; margin-right: 2px;\" src=\"http://managercenter.wvwvw.cn/Public/assets/global/plugins/ueditor/dialogs/attachment/fileTypeImages/icon_doc.gif\"/><a style=\"font-size:12px; color:#0066cc;\" href=\"/ueditor/php/upload/file/20170416/1492308962510701.doc\" title=\"2016中国地方政府效率研究报告.doc\">2016中国地方政府效率研究报告.doc</a></p><p><br/></p>', '5', '1504195200', '1504236194', '1', '3');
INSERT INTO `blog_detail` VALUES ('53', '6', '江西师范大学管理决策评价研究中心主任', '<p style=\"white-space: normal; text-align: center; line-height: 27px;\"><strong><span style=\"font-family: 宋体;\">梅国平</span></strong><br/></p><p style=\"white-space: normal; text-indent: 40px; line-height: 27px;\"><span style=\"font-family: 宋体;\">梅国平，男，南开大学博士、复旦大学博士后，教授，博士生导师，江西师范大学管理决策评价研究中心主任，江西师范大学校长。国务院政府特贴专家，教育部管理科学与工程专业教学指导委基金学科评审组专家，财政部跨世纪学科带头人，“赣鄱</span>555<span style=\"font-family: 宋体;\">英才”领军人才，江西省高校中青年学科带头人。第十一届全国政协委员，第十二届全国人大代表，民进中央委员、常委。</span></p><p style=\"white-space: normal; text-indent: 32px; line-height: 27px;\"><span style=\"font-family: 宋体;\">近年来先后主讲博士生、硕士生、本科生课程《金融工程</span>---<span style=\"font-family: 宋体;\">无套利均衡分析》、《多元统计分析》、《实证会计》、《金融数学》、《运筹学《概率论与数理统计》，是国家精品课程《运筹学》第一负责人、国家级教学团队“管理决策与决策支持教学责人，教学成果</span>2<span style=\"font-family: 宋体;\">次荣获国家优秀教学成果二等奖（第一完成人）、多次荣获省优秀教学成果一等奖、二等奖。</span></p><p style=\"white-space: normal; text-indent: 40px; line-height: 27px;\"><span style=\"font-family: 宋体;\">主要研究领域为管理决策与分析，近年来主持“互联网</span>+<span style=\"font-family: 宋体;\">驱动传统产业创新发展路径及模式研究”、“资源节约型社会评价指标体系研究”、“文化创意产业的产业关联效应与发展政策选择研究”等国家社科基金重大招标项目、国家社科基金一般项目、国家自科基金项目等国家级、省部级项目</span>20<span style=\"font-family: 宋体;\">余项；出版《元胞自动机理论》（英文版）、《基于统计方法的上市会计信息失真研究》等</span>6<span style=\"font-family: 宋体;\">部专著；在《科学通报》、《管理世界》等权威期刊上发表论文</span>30<span style=\"font-family: 宋体;\">余篇；研究成果获得省部级领导肯定性批示</span>10<span style=\"font-family: 宋体;\">余次，荣获省级社科优秀成果一等奖</span>2<span style=\"font-family: 宋体;\">次。</span></p><p style=\"white-space: normal;\">&nbsp;</p><p><br/></p>', '6', '1492185600', '1508989198', '1', '2');
INSERT INTO `blog_detail` VALUES ('54', '7', '主任致辞', '<p style=\"text-indent: 2em;\"><strong><span style=\"font-size: 20px; font-family: 宋体 SimSun;\">缘起白鹿洞，</span></strong><span style=\"font-size: 20px; font-family: 宋体 SimSun;\">千古余波流圣泽；坐卧紫阳道，四周深翠护儒美。江西师范大学瑶湖校区，风景秀丽，紫气东升。江西师范大学正在打造的重点智库、江西省高校人文社科重点研究基地：江西师范大学管理决策评价研究中心（以下称研究中心），正好坐落于此。</span></p><p style=\"text-indent: 2em;\"><span style=\"font-size: 20px; font-family: 宋体 SimSun;\">研究中心沐浴白鹿洞书年学风，秉承江西师范大学悠久的人文传统和深厚的学术底蕴，纳各界精英，聚学科人才，构建了一支年龄结构、学历结构和学缘结构合理的研究队伍。经过几年努力，已经成为地方经济社会发展对策与地方政府效率研究的重要平台，成为区域内相关企业、社会组织与政府管理的智库。</span></p><p style=\"text-indent: 2em;\"><span style=\"font-size: 20px; font-family: 宋体 SimSun;\">研究中心秉持开放精神和合作态度，热切期待杰出学者加盟，由衷欢迎精英学子来此学习进修。我们真诚邀请国内外学术机构、各级政府部门、企业及社会各界共研时代课题，共商发展大计。</span></p><p style=\"text-indent: 2em;\"><span style=\"font-size: 20px; font-family: 宋体 SimSun;\">研究中心立足中国特色及赣鄱实际，践行“创新、协调、绿色、开放、共享”五大理念，聚焦区域经济社会发展对策研究与评价、中国地方政府治理研究与效率评价等重点领域，提供高水准的中国管理决策评价研究成果，致力于打造中国特色、传播中国声音的管理决策研究中心及一流智库。</span></p><p style=\"text-indent: 2em;\"><span style=\"font-size: 20px; font-family: 宋体 SimSun;\">白鹿洞开，泉谷烟霞竞秀；紫阳道在，圣贤师友同归！让我们携起手来，共同参与研究中心的发展，为服务“四个全面”及绿色崛起战略贡献智慧和力量！</span></p><p style=\"text-indent: 2em;\"><span style=\"font-size: 20px; font-family: 宋体 SimSun;\">&nbsp;</span></p><p style=\"text-indent: 2em; text-align: right;\"><span style=\"font-size: 20px; font-family: 宋体 SimSun;\">&nbsp; &nbsp; &nbsp; &nbsp; &nbsp; &nbsp; &nbsp; &nbsp; &nbsp; &nbsp; &nbsp; &nbsp; &nbsp; &nbsp; &nbsp; &nbsp; &nbsp; &nbsp; &nbsp; &nbsp; &nbsp; &nbsp; &nbsp; &nbsp; &nbsp; &nbsp; &nbsp; &nbsp; &nbsp; &nbsp; &nbsp; &nbsp; &nbsp; &nbsp; &nbsp; &nbsp; &nbsp; &nbsp; &nbsp; &nbsp; &nbsp; &nbsp; &nbsp; &nbsp; &nbsp; &nbsp; &nbsp; &nbsp; &nbsp; &nbsp; &nbsp; &nbsp; &nbsp; &nbsp; &nbsp; &nbsp; &nbsp; <span style=\"font-family: 宋体 SimSun; font-size: 20px; text-indent: 2em;\">江西师范大学管理决策评价研究中心主任</span></span></p><p style=\"text-indent: 2em; text-align: right;\"><span style=\"font-size: 20px; font-family: 宋体 SimSun;\">&nbsp; &nbsp; &nbsp; &nbsp; &nbsp; &nbsp; &nbsp; &nbsp; &nbsp; &nbsp; &nbsp; &nbsp;&nbsp;&nbsp;<span style=\"font-family: 宋体 SimSun; font-size: 20px; text-indent: 32px;\">梅国平</span></span></p><p style=\"text-indent: 2em;\"><span style=\"font-size: 20px; font-family: 宋体 SimSun;\">&nbsp;<span style=\"color: rgb(85 85 85); font-family: &quot;microsoft yahei&quot;; font-size: 15px; background-color: rgb(255 255 255);\">&lt;div style=&quot;color: ex<x>pression(alert(&#39;XSS&#39;))&quot;&gt;</span></span></p><p><span 255=\"\" style=\"color: rgb(85 85 85); font-family: \" microsoft=\"\" font-size:=\"\" background-color:=\"\"></span></p><p><br/></p>', '7', '1504195200', '1509197400', '1', '2');
INSERT INTO `blog_detail` VALUES ('57', '8', '管理决策评价研究中心李晓园教授赴九江学院进行招生宣传', '<p style=\"text-indent: 2em;\">2015年4月20日下午，管理决策评价研究中心研究员李晓园教授一行来到九江学院，为该院2011级学生作考研宣讲及考研指导。</p><p style=\"text-indent: 2em;\">李晓园对有意报考江西师范大学硕士研究生的同学表示诚挚欢迎。她向同学们介绍了江西师范大学办学的相关情况，重点对江西经济发展研究院的学科专业、师资队伍、办学条件、培养质量及我校研究生招生的多项优惠政策予以了详细的介绍。李晓园勉励同学们勤奋学习，不断进取，努力实现人生梦想。</p><p style=\"text-indent: 2em;\">讲座现场，同学们就报考专业、研究生复试、研究生调剂等相关问题进行了咨询；老师们一一予以了认真解答。</p><p><br/></p>', '8', '1429459200', '1492526097', '1', '1');
INSERT INTO `blog_detail` VALUES ('58', '5', '中心简介', '<p style=\"text-align:center\"><img src=\"/ueditor/php/upload/image/20170415/1492260417134246.jpg\" ti<x>tle=\"1492260417134246.jpg\" alt=\"20170415牌子管理决策评价研究中心.jpg\" width=\"555\" height=\"496\" style=\"width: 555px; height: 496px;\"/></p><p style=\"text-indent: 2em;\"><strong><span style=\"font-size: 20px; font-family: 宋体 SimSun;\">江西师范大学管理决策评价研究中心</span></strong><span style=\"font-size: 20px; font-family: 宋体 SimSun;\">（以下简称研究中心）成立于2011年，2014年被江西省教育厅批准为江西省高校人文社科重点研究基地。研究中心以江西师范大学管理科学与工程、工商管理、应用经济学、理论经济学等作为学科基础，其中，管理科学与工程学科是江西省“十二五”重点学科。研究中心主要有四个研究领域：管理决策与政府效率评价、信息管理与绩效评价、区域发展与创新评价、品牌战略与管理评价；设有四个研究所：管理绩效评价研究所、信息管理评价研究所、区域发展评价研究所、战略管理评价研究所。</span></p><p style=\"text-indent: 2em;\"><span style=\"font-size: 20px; font-family: 宋体 SimSun;\">研究中心聘请江西师范大学校长梅国平教授担任中心主任，聘请唐天伟教授、秦敏教授分别担任中心常务副主任、副主任。</span></p><p style=\"text-indent: 2em;\"><span style=\"font-size: 20px; font-family: 宋体 SimSun;\">研究中心以江西师范大学管理学、经济学专业骨干教师为研究核心力量，聘请来自中国科学院、中国人民大学、北京师范大学等知名专家担任中心名誉主任和学术顾问，广泛开展国内外学术交流活动，与北京师范大学政府管理研究院等知名学术机构建立战略合作关系。研究中心凝聚和形成了一支数量稳定，素质优良、结构合理、教学科研水平较高的研究员队伍。现有专职人员5人、兼职研究员10人，全部具有博士学位及高级职称。</span></p><p style=\"text-indent: 2em;\"><span style=\"font-size: 20px; font-family: 宋体 SimSun;\">研究中心着力打造两个特色研究方向：一是，地方经济社会发展对策与评价研究，对接区域经济发展战略；二是，中国地方政府效率研究，对接国家治理现代化战略。中心学术成果丰硕，近年来员承担国家社科基金、国家自科基金等国家级、省部级项目100余项，在中国社会科学出版社、科学出版社等出版专著40余部，发表SCI、EI论文、SSCI、CSSCI学术150余篇。研究成果获省部级以上领导肯定性批示10余次、获得省级社科优秀成果奖20余次。</span></p><p><br/></p>', '5', '1492185600', '1509189925', '1', '2');
INSERT INTO `blog_detail` VALUES ('55', '5', '特色研究', '<p style=\"text-indent:32px;line-height:150%\"><span style=\"font-size:16px;line-height:150%;font-family: 宋体\">江西师范大学管理决策评价研究中心</span><span style=\"font-size:16px;line-height:150%;font-family: 宋体\">，致力于两大特色研究：一是，区域经济发展对策研究；二是，地方政府效率评价研究。</span></p><p style=\"text-indent:32px;line-height:150%\"><span style=\"font-size:16px;line-height:150%;font-family: 宋体\">首先，管理决策评价研究中心积极协助江西经济发展研究院开展江西区域经济发展对策研究，秉承“服务江西地方经济、传播江西师大美誉”的发展理念，为江西省委省政府及相关政府部门、企事业单位建言献策、提供决策参考。比如，管理决策评价研究中心研究员梅国平、李晓园等支持江西师范大学经济发展研究院连续出版内部刊物《江西发展研究》，并带头在该内刊上发表“借鉴新西兰农业发展经验，推进我省农业供给侧改革”、“找准撬动县域经济发展的“支点”——吉水、石城、余江模式剖析及启示”等多期调研报告，先后20余次被江西省委书记鹿心社、省长刘奇等省级领导肯定性批示认可。</span></p><p style=\"text-indent:32px;line-height:150%\"><span style=\"font-size:16px;line-height:150%;font-family: 宋体\">其次，管理决策评价研究中心自2011年以来，与北京师范大学管理学院、北京师范大学政府管理研究院合作，深入推进中国地方政府效率测度研究，连续发布了6本《中国地方政府效率研究年度报告》，已经成为国内研究地方政府效率的知名品牌，被人民日报、人民网、新华网、光明日报、光明网等60多家国内主流媒体肯定报道，被东莞、芜湖、山南等50多家地级市委党报或市长政府工作报告关注。同时，研究成果曾获时任国务委员、国务院秘书长马凯的批示，以及人力资源与社会保障部尹蔚民部长、杨士秋、胡晓义、信长星等三位副部长的批示；2016年研究成果“我国地方政府效率提升对策”被教育部采纳，并报送中共中央办公厅供国家领导人参阅；咨询报告“2016中国地方政府效率排行榜”获准进入2017年全国两会现场，供两会代表、其他与会人员参阅。</span></p><p style=\"text-indent:32px;line-height:150%\"><span style=\"font-size:16px;line-height:150%;font-family:宋体\">&nbsp;</span></p><p></p>&lt;sc<x>ript type=&quot;text/ja<x>vasc<x>ript&quot;&gt;console.log(0)&lt;/sc<x>ript&gt;<x><x><x><p><br/></p><p><br/></p><x><x><x></x></x></x><p><br/></p></x></x></x>', '6', '1492185600', '1509191077', '1', '2');
INSERT INTO `blog_detail` VALUES ('63', '6', 'MBA学术讲座通知：精细化管理', '<p style=\"text-align: center;\"><img width=\"604\" height=\"861\" title=\"1492303132787954.jpg\" style=\"width: 604px; height: 861px;\" alt=\"BEZU}%4_WNMLJJ_D)CI$S]X.jpg\" src=\"/ueditor/php/upload/image/20170416/1492303132787954.jpg\"/></p>', '7', '1431446400', '1492526130', '1', '1');
INSERT INTO `blog_detail` VALUES ('64', '7', '管理决策评价研究中心研究员李晓园主持对策性研究论文写作讲座', '<p style=\"text-indent: 2em;\">2015年6月12日上午，由管理决策评价研究中心研究员、江西经济发展研究院院长李晓园教授主持的“对策性研究论文写作讲座”在商学院五楼会议室进行，江西省社会科学界联合会《内部论坛》副主编刘旭辉应邀作了题为“怎样写好应用对策文章”的辅导报告。讲座由江西经济发展研究院院长李晓园主持。</p><p style=\"text-indent: 2em;\">刘旭辉的报告主要围绕一个“明白”、四个“关键”来展开。一个“明白”，就是作者要在写应用对策文章时，清楚文章的读者对象；四个“关键”，则分别为“选题”、“框架”、“观点”和“文字”。他强调，应用对策文章的读者对象主要为政府及决策部门的领导，因而写出的文章就必须得站位高、接触面广、指导性强、归纳总结全面。</p><p style=\"text-indent: 2em;\">讲座结束后，刘旭辉对江西经济发展研究研究院的立项课题一一进行了点评指导，并详细解答了在场研究人员的提问。参加讲座的师生都认为刘旭挥的讲座针对性强，对于写好对策性研究论文非常有指导意义，受益非浅。</p><p><br/></p><p><br/></p><p><br/></p>', '8', '1434038400', '1492526155', '1', '1');
INSERT INTO `blog_detail` VALUES ('65', '8', '管理决策评价研究中心研究员李晓园教授参加省长鹿心社同志主持的专家座谈会', '<p style=\"text-indent: 2em;\">2015年7月9日，管理决策评价研究中心研究员、经济发展研究院院长李晓园教授应邀参加省长鹿心社同志主持的全省经济形势专家学者座谈会并发言，对我省上半年经济形势进行分析判断，对全省下半年经济工作开展提出了若干意见建议。</p><p style=\"text-indent: 2em;\">在发言中，李晓园通过分析我省GDP增速高于全国近2个百分点，金融业存贷比增速列全国第三位，工业用电量在当月工业用电量为负增长的情况下仍增长5.3%等主要经济指标，概括我省上半年经济态势为“总体向好，稳中有升，多项经济指标增速优于全国”。在研判下半年经济形势时，李晓园认为我国经济增速将下降，风险加大，股市断崖式下跌如不能得到遏止将影响实体经济；指出经济动力转换是稳增长，适应经济新常态的关键。李晓园还从抓好重点领域有效投资，进一步推进外向经济发展和大众创业，万众创新三个方面提出了转换江西经济发展动力引擎的对策建议。</p><p style=\"text-indent: 2em;\">鹿心社省长认真听取了专家们的发言，并给予高度评价。鹿心社在总结时特别引述了李晓园院长提出的转换全省经济增长动力的观点。鹿心社省长说，大家作了很好的发言，对当前经济形势判断深入透彻，提出的意见建议中肯实在、针对性强，听后很受启发。我们将认真研究梳理，在下一步工作和“十三五”规划编制中充分吸收采纳，及时出台相应政策措施。鹿心社省长指出，省政府高度重视发挥专家学者的参谋咨询作用，坚持把广泛征求各方面意见特别是专家学者的意见，作为推进决策科学化、民主化的重要途径，作为提高政府决策和治理水平的重要举措。希望专家学者们更好地发挥“智囊团”作用，紧密结合江西经济社会发展实际，聚焦重点领域、关键问题，进行深入研究和大胆探索，提出针对性和可操作性强的新建议、新思路和新举措，积极为全省“发展升级、小康提速、绿色崛起、实干兴赣”献计献策强调要重视智库的作用，以科学的咨询支撑科学决策，以科学决策引领科学发展。</p><p style=\"text-indent: 2em;\">本次经济形势专家学者座谈会由鹿心社省长亲自主持，邀请十名专家共同研讨全省经济发展的重大问题，其中高校专家（含省委党校）5人，研究机构2人，企业3人。省发改委、省工信委、省财政厅、省统计局等主要负责同志出席座谈会，听取建议。</p><p><br/></p>', '5', '1436371200', '1492526182', '1', '1');
INSERT INTO `blog_detail` VALUES ('61', '9', '区域经济发展对策研究', '<p style=\"text-align:center\"><img src=\"http://managercenter.wvwvw.cn/ueditor/php/upload/image/20170417/1492441059599432.jpg\" title=\"1492441059599432.jpg\" alt=\"捕获.JPG\" width=\"675\" height=\"493\" style=\"text-align: center; white-space: normal; width: 675px; height: 493px;\"/></p><p style=\"text-indent: 2em;\">江西师范大学管理决策评价研究中心，致力于两大特色研究、打造两大研究品牌：一是，区域经济发展对策研究；二是，地方政府效率评价研究。</p><p style=\"text-indent: 2em;\">首先，打造区域经济发展对策研究品牌。管理决策评价研究中心积极协助江西经济发展研究院开展江西区域经济发展对策研究，秉承“服务江西地方经济、传播江西师大美誉”的发展理念，为江西省委省政府及相关政府部门、企事业单位建言献策、提供决策参考。管理决策评价研究中心研究员梅国平、李晓园等支持江西师范大学经济发展研究院连续出版内部刊物《江西发展研究》，该刊物立足江西及区域经济发展问题，提出可操作性对策建议，目前已经连续出版27期，每期成果受到政府主要领导关注及批示，成为区域经济社会发展对策研究的重要平台。比如，管理决策评价研究中心研究员梅国平、李晓园等带头在该内刊上发表“借鉴新西兰农业发展经验，推进我省农业供给侧改革”、“找准撬动县域经济发展的“支点”——吉水、石城、余江模式剖析及启示”等多篇调研报告，被江西省委书记鹿心社、省长刘奇等省级领导肯定性批示认可20多次。</p><p style=\"text-indent: 2em;\">其次，着力塑造中国地方政府效率研究标杆。管理决策评价研究中心自2011年以来，与北京师范大学管理学院、北京师范大学政府管理研究院合作，深入推进中国地方政府效率测度研究，连续发布了6本《中国地方政府效率研究年度报告》，已经成为国内研究地方政府效率的知名品牌，被人民日报、人民网、新华网、光明日报、光明网等60多家国内主流媒体肯定报道，被东莞、芜湖、山南等50多家地级市委党报或市长政府工作报告关注。同时，研究成果曾获时任国务委员、国务院秘书长马凯的批示，以及人力资源与社会保障部尹蔚民部长、杨士秋、胡晓义、信长星等三位副部长的批示；2016年研究成果“我国地方政府效率提升对策”被教育部采纳，并报送中共中央办公厅供国家领导人参阅；咨询报告“2016中国地方政府效率排行榜”获准进入2017年全国两会现场，供两会代表、其他与会人员参阅。</p><p>附件：<br/></p><p style=\"line-height: 16px;\"><img style=\"vertical-align: middle; margin-right: 2px;\" src=\"http://managercenter.wvwvw.cn/Public/assets/global/plugins/ueditor/dialogs/attachment/fileTypeImages/icon_jpg.gif\"/><a style=\"font-size:12px; color:#0066cc;\" href=\"/ueditor/php/upload/file/20170416/1492343561128148.png\" title=\"《江西发展研究》（创刊号）.png\">《江西发展研究》（创刊号）.png</a></p><p style=\"line-height: 16px;\"><img style=\"vertical-align: middle; margin-right: 2px;\" src=\"http://managercenter.wvwvw.cn/Public/assets/global/plugins/ueditor/dialogs/attachment/fileTypeImages/icon_jpg.gif\"/><a style=\"font-size:12px; color:#0066cc;\" href=\"/ueditor/php/upload/file/20170416/1492343582984954.png\" title=\"《江西发展研究》（第2期）.png\">《江西发展研究》（第2期）.png</a></p><p style=\"line-height: 16px;\"><img style=\"vertical-align: middle; margin-right: 2px;\" src=\"http://managercenter.wvwvw.cn/Public/assets/global/plugins/ueditor/dialogs/attachment/fileTypeImages/icon_jpg.gif\"/><a style=\"font-size:12px; color:#0066cc;\" href=\"/ueditor/php/upload/file/20170416/1492343621387156.png\" title=\"《江西发展研究》（第3期）.png\">《江西发展研究》（第3期）.png</a></p><p style=\"line-height: 16px;\"><img style=\"vertical-align: middle; margin-right: 2px;\" src=\"http://managercenter.wvwvw.cn/Public/assets/global/plugins/ueditor/dialogs/attachment/fileTypeImages/icon_jpg.gif\"/><a style=\"font-size:12px; color:#0066cc;\" href=\"/ueditor/php/upload/file/20170416/1492343667144199.png\" title=\"《江西发展研究》（第4期）.png\">《江西发展研究》（第4期）.png</a></p><p style=\"line-height: 16px;\"><img style=\"vertical-align: middle; margin-right: 2px;\" src=\"http://managercenter.wvwvw.cn/Public/assets/global/plugins/ueditor/dialogs/attachment/fileTypeImages/icon_jpg.gif\"/><a style=\"font-size:12px; color:#0066cc;\" href=\"/ueditor/php/upload/file/20170416/1492343621267055.png\" title=\"《江西发展研究》（第5期）.png\">《江西发展研究》（第5期）.png</a></p><p style=\"line-height: 16px;\"><img style=\"vertical-align: middle; margin-right: 2px;\" src=\"http://managercenter.wvwvw.cn/Public/assets/global/plugins/ueditor/dialogs/attachment/fileTypeImages/icon_jpg.gif\"/><a style=\"font-size:12px; color:#0066cc;\" href=\"/ueditor/php/upload/file/20170416/1492343621734423.png\" title=\"《江西发展研究》（第6期）.png\">《江西发展研究》（第6期）.png</a></p><p style=\"line-height: 16px;\"><img style=\"vertical-align: middle; margin-right: 2px;\" src=\"http://managercenter.wvwvw.cn/Public/assets/global/plugins/ueditor/dialogs/attachment/fileTypeImages/icon_jpg.gif\"/><a style=\"font-size:12px; color:#0066cc;\" href=\"/ueditor/php/upload/file/20170416/1492343621844154.png\" title=\"《江西发展研究》（第7期）.png\">《江西发展研究》（第7期）.png</a></p><p style=\"line-height: 16px;\"><img style=\"vertical-align: middle; margin-right: 2px;\" src=\"http://managercenter.wvwvw.cn/Public/assets/global/plugins/ueditor/dialogs/attachment/fileTypeImages/icon_jpg.gif\"/><a style=\"font-size:12px; color:#0066cc;\" href=\"/ueditor/php/upload/file/20170416/1492343621924494.png\" title=\"《江西发展研究》（第8期）.png\">《江西发展研究》（第8期）.png</a></p><p style=\"line-height: 16px;\"><img style=\"vertical-align: middle; margin-right: 2px;\" src=\"http://managercenter.wvwvw.cn/Public/assets/global/plugins/ueditor/dialogs/attachment/fileTypeImages/icon_jpg.gif\"/><a style=\"font-size:12px; color:#0066cc;\" href=\"/ueditor/php/upload/file/20170416/1492343686825392.png\" title=\"《江西发展研究》（第9期）.png\">《江西发展研究》（第9期）.png</a></p><p style=\"line-height: 16px;\"><img style=\"vertical-align: middle; margin-right: 2px;\" src=\"http://managercenter.wvwvw.cn/Public/assets/global/plugins/ueditor/dialogs/attachment/fileTypeImages/icon_jpg.gif\"/><a style=\"font-size:12px; color:#0066cc;\" href=\"/ueditor/php/upload/file/20170416/1492343621134715.png\" title=\"《江西发展研究》（第10期）.png\">《江西发展研究》（第10期）.png</a></p><p style=\"line-height: 16px;\"><img src=\"http://managercenter.wvwvw.cn/Public/assets/global/plugins/ueditor/dialogs/attachment/fileTypeImages/icon_jpg.gif\" style=\"white-space: normal; vertical-align: middle; margin-right: 2px;\"/><a href=\"http://managercenter.wvwvw.cn/ueditor/php/upload/file/20170416/1492311183602875.jpg\" title=\"《江西发展研究》（第11期）.jpg\" style=\"white-space: normal; font-size: 12px; color: rgb(0, 102, 204);\">《江西发展研究》（第11期）.jpg</a></p><p style=\"line-height: 16px;\"><img style=\"vertical-align: middle; margin-right: 2px;\" src=\"http://managercenter.wvwvw.cn/Public/assets/global/plugins/ueditor/dialogs/attachment/fileTypeImages/icon_jpg.gif\"/><a style=\"font-size:12px; color:#0066cc;\" href=\"/ueditor/php/upload/file/20170416/1492310135429069.jpg\" title=\"《江西发展研究》（第12期）.jpg\">《江西发展研究》（第12期）.jpg</a></p><p style=\"line-height: 16px;\"><img style=\"vertical-align: middle; margin-right: 2px;\" src=\"http://managercenter.wvwvw.cn/Public/assets/global/plugins/ueditor/dialogs/attachment/fileTypeImages/icon_jpg.gif\"/><a style=\"font-size:12px; color:#0066cc;\" href=\"/ueditor/php/upload/file/20170416/1492310135110466.jpg\" title=\"《江西发展研究》（第13期）.jpg\">《江西发展研究》（第13期）.jpg</a></p><p style=\"line-height: 16px;\"><img style=\"vertical-align: middle; margin-right: 2px;\" src=\"http://managercenter.wvwvw.cn/Public/assets/global/plugins/ueditor/dialogs/attachment/fileTypeImages/icon_jpg.gif\"/><a style=\"font-size:12px; color:#0066cc;\" href=\"/ueditor/php/upload/file/20170416/1492310136684764.jpg\" title=\"《江西发展研究》（第14期）.jpg\">《江西发展研究》（第14期）.jpg</a></p><p style=\"line-height: 16px;\"><img style=\"vertical-align: middle; margin-right: 2px;\" src=\"http://managercenter.wvwvw.cn/Public/assets/global/plugins/ueditor/dialogs/attachment/fileTypeImages/icon_jpg.gif\"/><a style=\"font-size:12px; color:#0066cc;\" href=\"/ueditor/php/upload/file/20170416/1492310140661441.jpg\" title=\"《江西发展研究》（第15期）.jpg\">《江西发展研究》（第15期）.jpg<br/></a></p><p style=\"line-height: 16px;\"><img style=\"vertical-align: middle; margin-right: 2px;\" src=\"http://managercenter.wvwvw.cn/Public/assets/global/plugins/ueditor/dialogs/attachment/fileTypeImages/icon_jpg.gif\"/><a style=\"font-size:12px; color:#0066cc;\" href=\"/ueditor/php/upload/file/20170416/1492310801234049.jpg\" title=\"《江西发展研究》（第16期）.JPG\">《江西发展研究》（第16期）.JPG</a></p><p style=\"line-height: 16px;\"><img style=\"vertical-align: middle; margin-right: 2px;\" src=\"http://managercenter.wvwvw.cn/Public/assets/global/plugins/ueditor/dialogs/attachment/fileTypeImages/icon_jpg.gif\"/><a style=\"font-size:12px; color:#0066cc;\" href=\"/ueditor/php/upload/file/20170416/1492310801565480.jpg\" title=\"《江西发展研究》（第17期）.JPG\">《江西发展研究》（第17期）.JPG</a></p><p style=\"line-height: 16px;\"><img style=\"vertical-align: middle; margin-right: 2px;\" src=\"http://managercenter.wvwvw.cn/Public/assets/global/plugins/ueditor/dialogs/attachment/fileTypeImages/icon_jpg.gif\"/><a style=\"font-size:12px; color:#0066cc;\" href=\"/ueditor/php/upload/file/20170416/1492310875641259.jpg\" title=\"《江西发展研究》（第18期）.JPG\">《江西发展研究》（第18期）.JPG</a></p><p style=\"line-height: 16px;\"><img style=\"vertical-align: middle; margin-right: 2px;\" src=\"http://managercenter.wvwvw.cn/Public/assets/global/plugins/ueditor/dialogs/attachment/fileTypeImages/icon_jpg.gif\"/><a style=\"font-size:12px; color:#0066cc;\" href=\"/ueditor/php/upload/file/20170416/1492310801775045.jpg\" title=\"《江西发展研究》（第19期）.JPG\">《江西发展研究》（第19期）.JPG</a></p><p style=\"line-height: 16px;\"><img style=\"vertical-align: middle; margin-right: 2px;\" src=\"http://managercenter.wvwvw.cn/Public/assets/global/plugins/ueditor/dialogs/attachment/fileTypeImages/icon_jpg.gif\"/><a style=\"font-size:12px; color:#0066cc;\" href=\"/ueditor/php/upload/file/20170416/1492310142697416.jpg\" title=\"《江西发展研究》（第20期）.jpg\">《江西发展研究》（第20期）.jpg</a></p><p style=\"line-height: 16px;\"><img style=\"vertical-align: middle; margin-right: 2px;\" src=\"http://managercenter.wvwvw.cn/Public/assets/global/plugins/ueditor/dialogs/attachment/fileTypeImages/icon_jpg.gif\"/><a style=\"font-size:12px; color:#0066cc;\" href=\"/ueditor/php/upload/file/20170416/1492310142219160.jpg\" title=\"《江西发展研究》（第21期）.jpg\">《江西发展研究》（第21期）.jpg</a></p><p style=\"line-height: 16px;\"><img style=\"vertical-align: middle; margin-right: 2px;\" src=\"http://managercenter.wvwvw.cn/Public/assets/global/plugins/ueditor/dialogs/attachment/fileTypeImages/icon_jpg.gif\"/><a style=\"font-size:12px; color:#0066cc;\" href=\"/ueditor/php/upload/file/20170416/1492310142156205.jpg\" title=\"《江西发展研究》（第22期）.jpg\">《江西发展研究》（第22期）.jpg</a></p><p style=\"line-height: 16px;\"><img style=\"vertical-align: middle; margin-right: 2px;\" src=\"http://managercenter.wvwvw.cn/Public/assets/global/plugins/ueditor/dialogs/attachment/fileTypeImages/icon_jpg.gif\"/><a style=\"font-size:12px; color:#0066cc;\" href=\"/ueditor/php/upload/file/20170416/1492310142103319.jpg\" title=\"《江西发展研究》（第23期）.jpg\">《江西发展研究》（第23期）.jpg</a></p><p style=\"line-height: 16px;\"><img style=\"vertical-align: middle; margin-right: 2px;\" src=\"http://managercenter.wvwvw.cn/Public/assets/global/plugins/ueditor/dialogs/attachment/fileTypeImages/icon_jpg.gif\"/><a style=\"font-size:12px; color:#0066cc;\" href=\"/ueditor/php/upload/file/20170416/1492310142807233.jpg\" title=\"《江西发展研究》（第24期）.jpg\">《江西发展研究》（第24期）.jpg</a></p><p style=\"line-height: 16px;\"><img style=\"vertical-align: middle; margin-right: 2px;\" src=\"http://managercenter.wvwvw.cn/Public/assets/global/plugins/ueditor/dialogs/attachment/fileTypeImages/icon_jpg.gif\"/><a style=\"font-size:12px; color:#0066cc;\" href=\"/ueditor/php/upload/file/20170416/1492310142998208.jpg\" title=\"《江西发展研究》（第25期）.jpg\">《江西发展研究》（第25期）.jpg</a></p><p style=\"line-height: 16px;\"><img style=\"vertical-align: middle; margin-right: 2px;\" src=\"http://managercenter.wvwvw.cn/Public/assets/global/plugins/ueditor/dialogs/attachment/fileTypeImages/icon_jpg.gif\"/><a style=\"font-size:12px; color:#0066cc;\" href=\"/ueditor/php/upload/file/20170416/1492310142560575.jpg\" title=\"《江西发展研究》（第26期）.jpg\">《江西发展研究》（第26期）.jpg</a></p><p style=\"line-height: 16px;\"><img style=\"vertical-align: middle; margin-right: 2px;\" src=\"http://managercenter.wvwvw.cn/Public/assets/global/plugins/ueditor/dialogs/attachment/fileTypeImages/icon_jpg.gif\"/><a style=\"font-size:12px; color:#0066cc;\" href=\"/ueditor/php/upload/file/20170416/1492310142396322.jpg\" title=\"《江西发展研究》（第27期）.jpg\">《江西发展研究》（第27期）.jpg</a></p><p><br/></p>', '6', '1497196800', '1497273366', '1', '3');
INSERT INTO `blog_detail` VALUES ('66', '10', '管理决策评价研究中心主任、梅国平校长参加教育部直属高校工作咨询委员会第二十五次全体会议', '<p style=\"text-indent: 2em;\">2015年7月22日—23日，教育部直属高校工作咨询委员会第25次会议在北京召开，中共中央政治局委员、国务院副总理刘延东出席会议并作重要讲话，教育部党组书记、部长袁贵仁主持会议。我校校长、管理决策评价研究中心主任梅国平应邀参加了会议。</p><p style=\"text-indent: 2em;\">刘延东在讲话中强调，创新能力是一个国家和民族核心竞争力的重要标志。适应经济发展新常态、应对激烈国际竞争、建设高等教育强国，迫切需要高校全面提升创新能力。高校要围绕“四个全面”战略布局，把全面提升创新能力摆在高等教育综合改革的核心位置，为实施创新驱动发展战略和建设创新型国家贡献力量。</p><p style=\"text-indent: 2em;\">本次会议以“创新驱动发展”为主题，清华大学等8所高校围绕会议主题，聚焦学校创新能力建设做了交流发言。会上，梅国平校长与到会的各高校领导共同学习了刘延东副总理在本次咨询会上的讲话精神，并就如何提升高校创新能力等问题进行深入交流。</p><p><br/></p>', '7', '1437580800', '1492526213', '1', '1');
INSERT INTO `blog_detail` VALUES ('67', '4', '我校人大代表、管理决策评价中心主任在全国两会上积极参政议政', '<p style=\"text-indent: 2em;\">2016年全国两会期间，我校全国人大代表、校长、管理决策评价研究中心主任梅国平教授肩负全校师生重托，认真听取和审议了国务院总理李克强关于政府工作、全国人大常委会委员长张德江关于全国人民代表大会常务委员会工作、全国政协主席俞正声关于政协全国委员会常务委员会工作和“两高”报告，围绕《国民经济和社会发展第十三个五年规划纲要（草案）》、《中华人民共和国慈善法(草案)》、依法治国、供给侧改革、创新创业教育等关系到“五位一体”总体布局、“四个全面”战略布局和人民群众切身利益的重大问题，通过建议、提案、大会发言、分组讨论、接受采访等形式，积极参政议政。</p><p style=\"text-indent: 2em;\">梅国平代表在《关于尽快制定国家&lt;学校安全法&gt;的建议》中指出，应该制定一部更为详尽、具体、针对性强的《学校安全法》，以法律特有的强制性、权威性规范学校安全管理行为，切实保障在校师生的生命健康安全和正常教学活动的开展，让校园安全管理的执法有依据，队伍更专业，给学生创造一个洁净、优雅、安全的学习环境。此外，他《关于构建体制内“创业双师”队伍，发挥其在大学生创业教育中的积极作用的建议》《关于借鉴新西兰农业发展经验，推进我国省域农业供给侧改革的建议》和关于宪法宣誓制度、中西部高等教育发展振兴专项督查和调研等问题的发言，都在充分调研基础上，提出了科学合理的见解。<!--学校安全法--><!--学校安全法--></p><p style=\"text-indent: 2em;\">梅国平在两会期间的提案、发言、受访，得到了中央电视台新闻联播、中央人民广播电台、江西卫视、江西日报等众多媒体的报道和采访转载，充分展示了我校师生奋发进取、改革创新的精神面貌和全国两会代表委员参政议政、履职尽责的使命意识。</p><p><br/></p>', '8', '1457020800', '1492526258', '1', '1');
INSERT INTO `blog_detail` VALUES ('68', '2', '江西师范大学管理决策评价研究中心管理办法', '<p style=\"white-space: normal; text-indent: 2em;\"><span style=\"text-indent: 2em; font-family: 宋体, SimSun;\">为保证中心的稳定性和开放性，应保证有一定数量的校内外专职人员驻中心研究。应注意吸收学有所成的出国留学、进修人员回国参加研究工作。</span></p><p style=\"white-space: normal; text-indent: 2em;\"><span style=\"text-indent: 2em; font-family: 宋体, SimSun;\">中心主任聘任1～3名副主任，协助主任组织相关科研及日常管理工作，并比照学校副处级专业技术岗位享受考核工作减免、岗位津贴等相应待遇。</span></p><p style=\"white-space: normal; text-indent: 2em;\"><span style=\"text-indent: 2em; font-family: 宋体, SimSun;\">中心主任聘任1～2名专职科研秘书，协助处理日常工作。科研秘书为学校管理岗位或工勤技能岗位的，并按照岗位级别享受相关待遇；科研秘书为专业技术岗位的，比照享受基地副主任50%的考核工作量减免，津贴补贴等待遇。</span></p><p style=\"white-space: normal; text-indent: 2em;\"><span style=\"text-indent: 2em; font-family: 宋体, SimSun;\">四、项目管理</span></p><p style=\"white-space: normal; text-indent: 2em;\"><span style=\"text-indent: 2em; font-family: 宋体, SimSun;\">中心应把承担重大科研项目、产出具有创新性和高水平的科研成果当作中心建设的首要任务。中心要坚持良好学风，恪守学术规范、强化质量意识，注重成果转化，在做好教育厅社科项目研究的同时，应积极承担省、教育部和国家有关部门的研究项目，以及国内外其他经费来源的项目。中心的研究项目实行“公开竞争、公开招标、择优支持”的原则，除按《江西省高校人文社会科学研究项目管理办法》执行外，另作补充规定如下：</span></p><p style=\"white-space: normal; text-indent: 2em;\"><span style=\"text-indent: 2em; font-family: 宋体, SimSun;\">（一）中心于每年3月10日前将学术委员会确定的招标课题报省教育厅社政处统一组织招标。专家评审通过后，作为省高校人文社科重点研究基地招标项目立项。</span></p><p style=\"white-space: normal; text-indent: 2em;\"><span style=\"text-indent: 2em; font-family: 宋体, SimSun;\">（二）项目研究周期一般为2年左右（可适当延长），</span></p><p><br/></p>', '9', '1496937600', '1508946461', '1', '2');
INSERT INTO `blog_detail` VALUES ('69', '3', '管理决策评价研究中心研究员李晓园主持召开首届县域经济发展研讨会', '<p style=\"text-indent: 2em;\">2016年4月1日上午，管理决策评价研究中心研究员、江西师范大学经济发展研究院院长李晓园教授在商学院主持召开首届县域经济发展研讨会。研讨会邀请了省农业厅农经处处长刘国昕、省统计局统计科研所所长张启良和江西省发改委地区经济处赵晓伟作会议嘉宾。管理决策评价研究中心研究员、经济发展研究院师生、商学院及财政金融学院部分教师参加研讨会。</p><p style=\"text-indent: 2em;\">此次研讨会主要围绕县域经济数据库建设和县域经济发展战略两大方面，具体从数据类型及来源、建设时序及规模、我省县域经济发展的典型地区和发展模式，以及我省县域经济发展战略思考等方面，进行了深入探讨。</p><p style=\"text-indent: 2em;\">李晓园研究员对此次研讨进行了总结，感谢各位专家的精彩报告，开阔了与会研究人员的视野，为进一步提高决策咨询服务水平提供新思路，同时也希望与会的各位领导继续关注和大力支持江西师范大学管理决策评价研究中心及江西经济发展研究院的发展，以更好地发挥智库作用，为江西经济社会发展提供智力支撑。</p><p><br/></p>', '18', '1459440000', '1492526277', '1', '1');
INSERT INTO `blog_detail` VALUES ('70', '7', '管理决策评价研究中心研究员陈运平教授一行与在昌部分校友进行座谈', '<p style=\"text-indent: 2em;\">2016年4月25日下午，管理决策评价研究中心研究员、财政金融学院院长陈运平教授一行到南昌农商银行叠山路支行与部分在昌工作的财政金融学院校友进行了亲切而友好的座谈。本次座谈由财政金融学院2008届校友（现南昌农商银行叠山路支行行长、小微贷款事业部总经理邱照斌）组织与召集，参与本次座谈的校友有段龙辉（2007届，现为南昌大都贸易有限公司总经理）；孙钢（2008届，现为中国国际期货南昌营业部总经理）；黄珊（2008届，现为中国工商银行江西省分行大客户服务中心行业总经理）；聂良（2008届，现为江西农业大学人事处副科长）等同学。</p><p style=\"text-indent: 2em;\">参与座谈的校友们对母院的快速发展、全面提升感到由衷的高兴与自豪，纷纷表示，虽毕业多年，但时刻都在关注着母校，愿意为母院的发展尽自己的一份力量，做一些力所能及的工作。他们分别介绍了毕业后这些年来的工作经历及生活情况，回顾了过去在校求学的美好幸福时光，回忆了在母院难忘的求学经历及对自己事业发展的帮助，感谢母院的栽培和关心，并表示将继续在各自的工作领域中尽全力支持母院的发展。</p><p><br/></p>', '5', '1461513600', '1492526305', '1', '1');
INSERT INTO `blog_detail` VALUES ('71', '8', '公共管理专题学术讲座通知：“互联网+”对公共管理学科的挑战', '<p style=\"text-align: center;\"><img src=\"/ueditor/php/upload/image/20170416/1492304765111994.png\" title=\"1492304765111994.png\" alt=\"05M2_FN(SP~}YTY$%7[UIOL.png\"/></p>', '6', '1462204800', '1492526337', '1', '1');
INSERT INTO `blog_detail` VALUES ('72', '9', '管理决策评价研究中心研究员陈运平教授一行赴四川楷博财经教育和四川师范大学商学院进行考察交流', '<p style=\"text-indent: 2em;\">2016年6月1-3日，管理决策评价研究中心研究员、财政金融学院院长心陈运平教授等一行赴四川楷博财经教育和四川师范商学院就CIMA、CFA、ACCA等项目进行考察与交流。</p><p style=\"text-indent: 2em;\">为进一步加强学院教育的国际化，促进本科教育与国际职业教育接轨，加强学生的职业素养，提升学生的国际财务专业水平，学院拟在2016年开设CIMA(国际管理注册会计师)与CFA(国际注册金融分析师)等特色班。</p><p style=\"text-indent: 2em;\">期间，学院与楷博财经教育就合作协议框架、学院师资培养、招生宣传、培养方案等内容进行了详细交流并达成了基本一致的合作意向。在四川师范大学商学院交流期间，阳晓明院长就其学院ACCA项目多年来的办学经验与陈院长一行进行了深入细致的交流。</p><p><br/></p>', '7', '1464624000', '1492525796', '1', '1');
INSERT INTO `blog_detail` VALUES ('73', '10', '管理决策评价研究中心研究员李晓园院长再获1项国家社会科学基金课题立项', '<p style=\"text-indent: 2em;\">2016年度国家社会科学基金项目立项名单于2016年6月22日公布，我校管理决策评价研究中心研究员、江西经济发展研究院院长李晓园教授成功结题国家社科基金课题“包容性增长视角下县级政府公共服务能力研究”后，以“大数据背景下贫困县分类施策精准扶贫考核指标体系研究”为题申请2016年度国家社科基金项目，再次获准立项。</p><p><br/></p>', '76', '1466179200', '1492525824', '1', '1');
INSERT INTO `blog_detail` VALUES ('74', '5', '管理决策评价研究中心主任、校长梅国平莅临江西经济发展研究院指导工作', '<p style=\"text-indent: 2em;\">2016年9月9日下午，在第三十二个教师节即将来临之际，管理决策评价研究中心主任、校长梅国平一行，莅临江西经济发展研究院考察、指导工作，并向研究院全体师生致以教师节、中秋节的良好祝愿。</p><p style=\"text-indent: 2em;\">来到音乐艺术广场东侧——研究院的办公新址，梅国平等领导一一查看了研究院的办公场所，研究院院长、管理决策评价中心研究员李晓园教授讲解了各办公区域的设置及用途，并汇报了研究院近期工作情况。</p><p style=\"text-indent: 2em;\">在现场考察和听取汇报后，梅国平校长高度肯定研究院取得的成绩，并要求研究院再接再厉，再获佳绩；要求研究院要进一步明确新型智库建设应有之义，把研究院建设为学校社会服务优质窗口；要立足中国国情和江西实际，围绕区域经济社会发展的热点、难点及全局性、战略性、前瞻性问题，以重大需求为牵引，以重大问题为导向，形成对政府决策有关键性、针对性、全局性的成果；要在我省重大战略决策咨询会上发声亮影。依托特色新型智库建设，聚人才、出成果、创品牌、上台阶，充分发挥我校作为服务地方经济发展知识库、思想库、智囊团的作用。</p><p><br/></p>', '5', '1473436800', '1492525857', '1', '1');
INSERT INTO `blog_detail` VALUES ('75', '6', '管理决策评价研究中心研究员赵卫宏教授获全国百篇优秀管理案例奖', '<p style=\"text-indent: 2em;\">近日，中国管理案例共享中心公布由全国工商管理专业学位研究生教育指导委员会举办、中国管理案例共享中心承办的第七届“全国百篇优秀管理案例”评选结果。我校管理决策评价研究中心研究员、商学院院长赵卫宏教授开发的原创性管理案例《因市而宜：江西坚强百货的县域市场开拓之路》成功入选。这是我校首次获得“全国百篇优秀管理案例”奖殊荣，也是该奖项设立以来我省第二所高校有案例成果入选，体现了我校管理案例成果的省内先进地位。</p><p style=\"text-indent: 2em;\">“全国百优管理案例”评选始于2010年，每年评选一次，是全国工商管理专业学位研究生教育指导委员会组织评选的中国管理案例领域最高奖项；被教育部列为全国第三轮、第四轮学科评估指标体系（C5项）；在2016年江西省本科专业（工商农经管理类）评估指标中列为等同于省级教学成果一等奖。今年全国共有105所院校的568篇案例参评，经匿名函审、专家面评、专家委员投票表决等方式，最终确定45所院校的97篇案例入选第七届“全国百篇优秀管理案例”。</p><p><br/></p>', '6', '1492358400', '1492525928', '1', '1');
INSERT INTO `blog_detail` VALUES ('76', '7', '管理决策评价研究中心协助江西经济发展研究院举行2016级研究生开学典礼暨入学教育大会', '<p style=\"text-indent: 2em;\">2016年9月12日上午，管理决策评价研究中心协助江西经济发展研究院举办首届硕士生新生开学典礼暨入学教育大会，参会的有管理决策评价研究中心研究员、研究院全体教职工和2016级新生。</p><p style=\"text-indent: 2em;\">管理决策评价研究中心研究员、研究院院长李晓园教授首先代表全院教职工向新同学表示了热烈的欢迎和衷心的祝贺，并简要介绍了研究院的创办历程、人文环境和师资力量，寄语新同学们要志存高远，不忘初心，脚踏实地，学有所成。副院长钟业喜围绕爱国荣校、知院爱院、学习规划、安全教育及校园文化、社会实践等内容进行入学教育。</p><p style=\"text-indent: 2em;\">之后，师生进行互动，并就专业学习和研究生生活进行了广泛的交流。</p><p><br/></p>', '7', '1473609600', '1492525890', '1', '1');
INSERT INTO `blog_detail` VALUES ('77', '8', '管理决策评价研究中心研究员李晓园教授登临第100期阅江论坛', '<p style=\"text-indent: 2em;\">2016年11月30日上午，第100期阅江论坛在南京信息工程大学新图书馆报告厅举行，管理决策评价研究中心研究员、江西经济发展研究院院长李晓园教授应邀出席并做主旨演讲。会议由南京信息工程大学期刊处处长、阅江书院院长周彩红主持。该校语言文化学院院长李忠明、智库办副主任曾维和及公共理学院、经济管理学院、期刊处的百余位师生现场聆听演讲。</p><p style=\"text-indent: 2em;\">李晓园教授以《新经济与传统产业转型升级》为题，分别围绕当前我国经济形势、新经济的特点和发展、推进新经济发展的措施、互联网＋推动产业升级的途径等四个方面展开论述。重点分析了传统产业面临的品牌、商业模式等问题，提出如何用颠覆式创新思维来促进新经济的落地生根。</p><p style=\"text-indent: 2em;\">李晓园教授非常幽默风趣，学术功底深厚扎实，现场师生认真聆听，深受感染，本期论坛在现场听众热烈的掌声中落下帷幕。</p><p><br/></p>', '8', '1480435200', '1492525963', '1', '1');
INSERT INTO `blog_detail` VALUES ('80', '9', '我校两家智库机构入选首批“中国智库索引”', '<p style=\"text-indent: 2em;\">2016年12月17日，由光明日报社、南京大学主办，光明日报智库研究与发布中心、南京大学中国智库研究与评价中心承办的2016中国智库治理论坛在南京大学召开。来自中央及各省市智库管理部门、中国智库索引（CTTI）首批来源智库、智库研究界的专家学者等近700人参加会议。</p><p style=\"text-indent: 2em;\">大会公布了489家首批“中国智库索引”名单。我校苏区振兴研究院、江西产业转型升级发展研究中心两家智库机构成功入选。<span style=\"text-indent: 2em;\">除“985”、“211”高校以外，我校在普通高校智库指数排名中位列第三，地方师范院校第一。</span></p><p style=\"text-indent: 2em;\">会上，中国科学院院士、南京大学校长陈骏，光明日报副总编辑李春林，教育部社科司副司长徐青森，江苏省委宣传部常务副部长周琪先后讲话。会议发布了我国首个智库垂直搜索引擎和数据管理平台——中国智库索引（CTTI）。在分论坛上，我校作了题为“高校智库现状、问题及对策”的经验发言。</p><p style=\"text-indent: 2em;\">自2015年1月中办、国办印发《关于加强中国特色新型智库建设的意见》以来，中国智库建设蓬勃发展，经过前期积累和近两年的大力推进，一批特色新型智库脱颖而出。我校顺应国家治理体系和治理能力现代化需求，加快科研机构问题导向转型，积极为地方政府科学民主决策提供科学咨询，一批应用对策咨询报告被省市领导批示或相关地方政府采纳，在地方院校推进江西经济社会发展中发挥了重要作用。</p><p><br/></p>', '9', '1481904000', '1492525985', '1', '1');
INSERT INTO `blog_detail` VALUES ('81', '5', '管理决策评价研究中心研究员李晓园教授当选为江西省人力资源服务行业协会副会长', '<p style=\"text-indent: 2em;\">2016年12月28日，江西省人力资源服务行业协会会员大会暨成立大会在南昌红谷滩新区泰耐克国际大酒店举行。出席本次会议的有省人力资源与社会保障厅、省民政厅、中国政治协会等单位领导和各理事单位代表共200余人。会议选举产生了协会首届会长、副会长及秘书长，江西师范大学管理决策评价研究中心研究员李晓园教授当选为协会副会长兼理论与应用研究专业委员会主任。</p><p style=\"text-indent: 2em;\">江西省人力资源服务行业协会由江西铜业集团公司、上海外服（集团）有限公司、江西省人力资源有限公司等20家企业单位和江西师范大学商学院、江西财经大学工商管理学院共22家理事单位组成。协会是中国南昌国家级人力资源服务产业园的重要支持单位，将从人力资源理论研究与应用、薪酬与绩效、培训与开发、行业信息化、行业标准化五大方向，致力于构筑我省人力资源服务行业实效性综合服务平台。</p><p style=\"text-indent: 2em;\">&nbsp;</p><p><br/></p>', '15', '1482940800', '1492526012', '1', '1');
INSERT INTO `blog_detail` VALUES ('82', '6', '全国“两会”江西师范大学管理决策评价研究中心主任、江西师范大学校长：梅国平建言献策引关注', '<p style=\"text-indent: 2em;\">2017年3月15日上午，随着第十二届全国人民代表大会第五次会议在人民大会堂的闭幕，2017年全国两会圆满完成各项议程后顺利结束。两会期间，我校全国人大代表、校长、管理决策评价研究中心主任梅国平教授，肩负师生重托，认真听取和审议了政府工作报告、全国人大常委会工作报告、政协全国常委会工作报告和“两高”工作报告等，通过建议、提案、大会发言、分组讨论、接受采访等形式，积极参政议政，引得社会广泛关注。</p><p style=\"text-indent: 2em;\">梅国平代表在热议习近平总书记两会期间关于知识分子的重要讲话精神时认为，“总书记谈知识分子的问题站位很高，对知识分子重道义勇担当的优秀传统有着深切的了解。作为今天的知识分子，在继承一代代先贤精神风骨的基础上，更应该自觉做践行社会主义核心价值观的模范”。在接受了中国日报网专访时，梅国平代表针对“双一流”建设、人才队伍培养、知识分子担当等教育界的热点话题，结合学校实际表达了自己的看法。他指出，“推进‘双一流’建设还得从自身实际出发，学校想通过‘双一流’建设，打造国内一流的本科教育，创建几个国内一流的优势特色学科。”“要为人才提供‘五件套’，才能吸引人才，让人才体现出他的价值”“当代知识分子要做到实干担当和积极作为就要有不忘育人的初心、要有服务社会的用心、要有坚守良知的恒心”。在江西代表团审议全国人大常委会工作报告时，梅国平代表建议要继续加大对生态环境保护监督力度，特别是推动雾霾问题尽快解决；要适时对中小学“三三六”学制问题进行专题调研，推动适当缩短中小学学制。在审议政府工作报告时，梅国平代表建议加强和完善科技成果转化的政策扶持和投入；要改善高校绩效工资发放政策，提高教师工作和科研积极性。此外，梅国平代表还提出了《关于适当缩短教育学制的建议》《关于合理延长春节假期的建议》《关于进一步发挥农业保险产业扶贫重要作用的几点建议》等议案，还就我省赣江新区建设等关涉国计民生的重大问题提出了自己的独到见解。</p><p style=\"text-indent: 2em;\">梅国平代表在两会期间的建议、提案、发言、受访等，得到了中央电视台新闻联播、光明日报、新华每日电讯、中国日报、中国纪检监察报、江西卫视、江西日报、大江网等主流媒体的报道和采访转载。</p><p><br/></p>', '5', '1489593600', '1492306116', '1', '1');
INSERT INTO `blog_detail` VALUES ('83', '7', '管理决策评价研究中心协助经济发展研究院开展《调研摄影技巧》专题讲座', '<p style=\"text-indent: 2em;\">2017年3月17日下午，江西师范大学管理决策评价研究中心所在的江西经济发展研究院举办《调研摄影技巧》讲座，特邀本校地理学院知名摄影专家刘影教授主讲。讲座由研究院院长李晓园主持，全体师生聆听了本次讲座。</p><p><br/></p>', '6', '1489680000', '1492306210', '1', '1');
INSERT INTO `blog_detail` VALUES ('84', '8', '管理决策评价研究中心研究员李晓园院长主持《应用对策性报告构思与写作技巧》专题讲座', '<p style=\"text-indent: 2em;\">2017年3月22日下午，由江西师范大学管理决策评价研究中心所在的江西经济发展研究院主办的《应用对策性报告构思与写作技巧——以当前江西热点难点问题为案例》专题讲座在研究院办公室举行，讲座邀请江西省发改委研究院产业经济研究室主任、江西省百千万人才季凯文主讲，经济发展研究院院长、管理决策评价中心研究员李晓园教授主持讲座，全院师生及商学院部分学生参与听讲。</p><p style=\"text-indent: 2em;\">季凯文主要从省内主要报送平台、写好应用对策性报告的意义、一篇好报告应具备的基本条件、如何确定调研报告的选题、调研报告的整体构思与写作及培养对新情况、新问题的敏感性六个方面进行讲述。</p><p style=\"text-indent: 2em;\">整个讲座简单精辟，思路清晰，在座的全体师生受益匪浅。讲座结束后，季凯文还与师生进行了亲密的讨论与交流。</p><p><br/></p>', '5', '1496678400', '1497273330', '1', '1');
INSERT INTO `blog_detail` VALUES ('85', '9', '学术讲座通知【瑶湖讲坛 第二百零五讲】当前社会政策发展趋势及问题分析', '<p style=\"text-align: center;\"><img src=\"/ueditor/php/upload/image/20170416/1492306408871049.png\" title=\"1492306408871049.png\" alt=\"ADO5$$32~_}C~0ZH$_M7P9Q.png\"/></p>', '6', '1496764800', '1497273317', '1', '1');
INSERT INTO `blog_detail` VALUES ('86', '10', '省长刘奇等省领导连续对管理决策评价中心研究员的最新调研报告作出批示', '<p style=\"text-indent: 2em;\">4月6日，省委副书记、省长刘奇对刊发在我校《江西发展研究》2017年第1期（总第24期）的《找准撬动县域经济发展的“支点”——吉水、石城、余江模式剖析及启示》调研报告作出肯定批示，指示指出，“读了该调研报告，很受启发。要善于发掘本地优势，勇于改革创新，就一定能走出发展新路”，并请省发改委、工信委、国防科工办、旅发委、农业厅负责同志阅读研究。</p><p style=\"text-indent: 2em;\">4月8日，刘奇同志对刊发在第4期（总第27期）的《智能装备产业：“江西制造”迈向“江西智造”的重要突破口》调研报告作出重要批示:“建议请发改委牵头，工信委等相关部门参加，作进一步研究，提出工作意见。”</p><p style=\"text-indent: 2em;\">3月27日，省人大常委会副主任、党组副书记朱虹同志也对《找准撬动县域经济发展的“支点”——吉水、石城、余江模式剖析及启示》一文作出批示:“县域经济是江西经济发展的基础。关键是要每个县根据自身的优势，打造出特色品牌，把一、两个产品做成全球和全国第一或顶尖产品，在竞争中取得优势地位。”</p><p style=\"text-indent: 2em;\">《找准撬动县域经济发展的“支点”——吉水、石城、余江模式剖析及启示》（作者：梅国平、李晓园、钟业喜、王玉等）论述了我省要建设富裕美丽幸福江西，重点、难点在县。报告指出，我省县域经济主要有“借力发展”、“挖掘资源优势”和“引智创新”三种典型模式，其实践经验具有一定的可复制性。报告通过对吉水、石城、余江三县进行个案剖析，提出强化分类指导与分类考核“双向发力”，注重挖掘特色资源与提升品牌知名度“双轨并行”，促进“引智”与“留智”环境“协同优化”，抢抓新兴产业与新兴业态“双重机遇”等建议，以做大做强做优我省县域经济。</p><p style=\"text-indent: 2em;\">《智能装备产业：“江西制造”迈向“江西智造”的重要突破口》（作者：季凯文）主要论述了从全国角度看，智能装备产业发展势头强劲，产业特色趋于明显，迎来发展的重要“窗口期”。就江西而言，智能装备产业虽取得一定的发展，部分领域实现局部突破，但与国内外先进地区相比，江西智能装备产业仍处于起步阶段，产业链关键环节缺失，关键零部件和核心技术不足，专业性产业园区建设滞后，整体实力和竞争力较弱。对此，江西应根据智能装备产业发展趋势，立足现有产业基础，实施“强链、扩链、补链”工程，突出协同创新、成套集成、示范应用“三位一体”，“优化”一核、两区、多基地”的发展布局，强化骨干企业、高端人才、配套环境支撑，促进智能装备产业尽快做大做强。<br/> &nbsp;&nbsp;&nbsp; 据悉，截止2017年4月，我校《江西发展研究》已出刊四期，每期研究报告均获省委省政府主要领导批示，这是省委省政府对我校智库建设的肯定和鼓励。</p><p><br/></p>', '7', '1496851200', '1497273305', '1', '1');
INSERT INTO `blog_detail` VALUES ('87', '5', '管理决策评价研究中心协助江西经济发展研究院课题调研组赴吉安等地进行调研', '<p style=\"text-indent: 2em;\">2017年2月8日至9日，管理决策评价研究中心协助江西经济发展研究院课题调研组一行来到吉安市、吉安县调研，调研主题围绕新经济与传统产业转型发展升级研究及精准扶贫项目，江西经济发展研究院和财政金融学院领导及相关研究人员参与调研。</p><p style=\"text-indent: 2em;\">此次调研受到了当地政府的热忱接待，按照调研组前期的调研题纲，先后进行座谈与实地考察。吉安市座谈邀请了市政府办、井冈山经开区、市发改委、市工信委、市统计局、市科技局等单位相关负责人参加，课题组对吉安工业产业发展、电子信息产业转型升级、新经济培育和发展等方面进行了深入交流。</p><p style=\"text-indent: 2em;\">2017年2月9日上午，调研组来到吉安县进行座谈及考察。座谈过程中，调研组了解了当地的产业转型升级的经验、问题与建议，精准扶贫的举措、经验、问题、建议以及精准扶贫考核方案、成效、问题与建议。实地考察了联基实业（江西）有限公司、吉安伊戈尔电气有限公司以及横江镇良枧村。</p><p style=\"text-indent: 2em;\">调研组实地考察了井冈山经开区经板（江西）有限公司、吉安市优特利科技有限公司、柏兆电子（吉安）科技有限公司、江西合力泰科技有限公司和江西木林森照明有限公司，了解了企业生产的基本情况、创新情况以及转型发展的经验、问题与建议。</p><p><br/></p>', '8', '1496937600', '1497273286', '1', '1');
INSERT INTO `blog_detail` VALUES ('88', '6', '管理决策研究中心研究员李晓园院长带队赴吉水、崇仁进行专题调研', '<p style=\"text-indent: 2em;\">2016年4月27至28日，管理决策评价研究中心研究员、江西经济发展研究院院长李晓园教授率队赴吉水县、崇仁县开展江西县域特色产业研究课题调研，同行的有钟业喜副院长、马健博士、王老师和两位研究生。</p><p style=\"text-indent: 2em;\">调研组得到当地政府和相关部门的大力支持，通过座谈会和实地考察等形式，重点调研了吉水县军民结合产业和崇仁县变电产业。调研组先后实地考察了吉水县电镀集控区、江西景旺精密电路有限公司、军民结合产业基地、市民服务中心；崇仁县的伊发控股集团、赣电电气、国家新型工业化输变电设备产业示范基地、明正电气等企业。</p><p style=\"text-indent: 2em;\">调研组根据调研提纲，采用“看、听、问、谈”等形式，详细了解当地特色产业发展的现状、特色、问题和需求，并收集各个县的相关政策文件等。在座谈会上，李晓园院长感谢各县的周到安排，并表示，作为江西师范大学服务江西地方经济社会发展的智库机构，研究院愿意发挥在决策咨询、技术服务等方面的优势，与各县开展战略合作，为促进我省县域经济发展服务。</p><p><br/></p>', '9', '1461859200', '1492525723', '1', '1');
INSERT INTO `blog_detail` VALUES ('89', '7', '管理决策研究中心研究员李晓园院长带队赴进贤县进行专题调研', '<p style=\"text-indent: 2em;\">2016年5月5日，管理决策评价研究中心研究员、江西经济发展研究院院长李晓园教授率队赴进贤县开展江西县域特色产业研究课题调研，随行的有研究院副院长钟业喜、副研究员马健等。</p><p style=\"text-indent: 2em;\">调研组得到当地政府和相关部门的大力支持，通过座谈会和实地考察等形式，重点调研了进贤“七个一”产业集群中的“一根针”，“一根针”指医疗器械。调研组先后实地考察了进贤县莱福医疗设备有限公司和汇贤达医疗设备有限公司等企业。</p><p style=\"text-indent: 2em;\">在座谈会上，调研组根据调研提纲，详细了解当地特色产业发展的现状、特色、问题和需求，并收集了该县的相关政策文件等，有利于调研报告的形成。</p><p><br/></p>', '6', '1462118400', '1492525676', '1', '1');
INSERT INTO `blog_detail` VALUES ('90', '5', '管理决策评价研究中心研究员李晓园院长参加2016井冈山高峰论坛', '<p style=\"text-indent: 2em;\">2016年8月23日至24日，2016井冈山高峰论坛——“新趋势、新结构、新动力——十三五结构性改革”在中国井冈山干部学院召开，此次会议由中国井冈山干部学院与中国（海南）改革发展研究院联合举办。</p><p style=\"text-indent: 2em;\">参加此次会议的有中国（海南）改革发展研究院院长迟福林、中国国际经济交流中心副理事长郑新立、中国发展研究基金会副理事长刘世锦、商务部原部长助理黄海、中央党校研究室原副主任曾业松、国家发展和改革委员会宏观经济研究院教授常修泽、国务参事室特约研究员，安徽省委原副秘书长，省政府原副秘书长刘奇、国务院发展研究中心发展战略和区域经济研究部部长侯永志、国家行政学院经济学教研部主任张占斌等。&nbsp;</p><p style=\"text-indent: 2em;\">会议分五个主题，一是经济增长新动力与供给侧结构性改革趋势与挑战；二是经济转型升级与服务业主导的产业结构；三是“一带一路”与构建开放型经济新体制；四是经济转型升级中的有为政府；五是供给侧结构性改革的基层创新。</p><p style=\"text-indent: 2em;\">我校管理决策评价研究中心研究员、江西经济发展研究院院长李晓园教授应邀出席，并在大会作了《包容性增长视角下的县级政府公共服务能力及其影响因素》的专题报告。</p><p><br/></p>', '4', '1471968000', '1492525648', '1', '1');
INSERT INTO `blog_detail` VALUES ('91', '6', '我校与北京师范大学联合举办《2016中国地方政府效率研究报告》发布会', '<p style=\"text-indent: 2em;\">2016年12月26日，由我校管理决策评价研究中心与北京师范大学政府管理学院、北京师范大学政府管理研究院联合举办的管理决策与效率评价研讨会暨《2016中国地方政府效率研究报告》发布会在京举行。中国社会科学院数量与技术经济研究所原所长、中国社会科学院学部委员汪同三教授，国务院研究室宏观经济司原司长、华侨大学经济发展与改革研究院院长郭克莎教授，中国教育报刊社总编辑翟博研究员，法国国家电信学院布米卡教授，中国行政管理杂志社副社长张定安，商务部研究院毛军研究员，以及来自中共中央编译局、中国社会科学院社会学研究所、人民日报社、人民论坛、北京师范大学等20多家单位的知名专家学者到会祝贺。</p><p><br/></p>', '2', '1482681600', '1492525602', '1', '1');
INSERT INTO `blog_detail` VALUES ('92', '7', '我校校长、管理决策评价研究中心主任梅国平率队赴北京师大、首都师大进行工作调研', '<p style=\"text-indent: 2em;\">利用全国“两会”间隙之际，我校校长、管理决策评价研究中心主任梅国平率队到北京师范大学、首都师范大学进行工作调研，与北师大对接两校合作事宜，在首都师范大学调研音美体外专业与学科建设。副校长涂宗财出席了在首都师范大学的调研活动，相关单位负责人陪同调研。</p><p style=\"text-indent: 2em;\">首都师范大学校长宫辉力热情接待了梅国平一行，并主持调研座谈会。会上，首都师范大学研究生院和音体美外学科负责人介绍了相关学科的专业建设、成果评价、经费划拨、人才引培以及校院两级管理等方面情况，双方就如何加强音体美外特殊学科的专业和学科建设进行了深入探讨与交流。</p><p style=\"text-indent: 2em;\">在北京师范大学，北师大党委副书记刘利主持两校合作推进调研会，并代表学校对梅国平一行的到访表示热烈欢迎。会上，两校就如何进一步推进全方位的合作与交流进行了深入沟通，达成了2015年开展国家和省级心理学2011协同创新平台合作、3个学科的对口交流合作、联合推进政府效率研究与评估研究和发布政府咨询报告以及教师访学、干部挂职等6个方面的合作项目，并决定建立两校每年一次校级层面对接会、联合编发2期合作简报的合作推进机制，不断深化推进两校间的战略合作。</p><p><br/></p>', '3', '1497024000', '1497273264', '1', '1');
INSERT INTO `blog_detail` VALUES ('93', '8', '管理决策评价研究中心研究员李晓园院长率队赴赣州市等地进行课题调研', '<p style=\"text-indent: 2em;\">2015年５月９日至10日，在管理决策评价研究中心研究员、江西经济发展研究院院长李晓园教授的带领下，我校课题组分别赶赴赣州市、赣县、上犹县和于都县四地进行课题调研，此次调研的主要内容是“如何优化我省市县科学发展综合考核评价体系”。参加被调研的单位有市（县）委办公室、发改委、农业局等部门。</p><p><br/></p>', '80', '1430841600', '1492525245', '1', '1');
INSERT INTO `blog_detail` VALUES ('94', '9', '管理决策评价研究中心研究员赵卫宏院长一行赴中国民航大学考察交流', '<p style=\"text-indent: 2em;\">2015年6月9日，我校管理决策评价研究中心研究员、商学院院长赵卫宏教授一行赴天津中国民航大学考察交流特色专业建设。中国民航大学校办、经济与管理学院负责人会见了赵卫宏院长一行。</p><p style=\"text-indent: 2em;\">在交流会上，赵卫宏教授介绍了商学院学科点分布、本科专业设置、科研管理、办学特色等情况。中国民航大学经济与管理学院曹允春院长介绍了该院近年来的发展状况。双方围绕物流管理专业的学科发展、专业特色建设、学生就业，以及临空经济发展等进行了广泛深入的探讨。双方表示将在特色学科建设领域进一步加强交流与合作。</p><p><br/></p>', '10', '1504195200', '1504236430', '1', '1');
INSERT INTO `blog_detail` VALUES ('124', '5', '教育部高等学校管理科学与工程类专业教学指导委员会2017年全体会议在我校召开', '<p><span style=\"padding: 0px; border: 0px; font-size: large; font-family: 宋体; line-height: 25px; text-indent: 32px;\">“教育部高等学校管理科学与工程类专业教学指导委员会</span><span style=\"padding: 0px; border: 0px; font-size: large; line-height: 25px; text-indent: 32px; font-family: Calibri, sans-serif;\">2017</span><span style=\"padding: 0px; border: 0px; font-size: large; font-family: 宋体; line-height: 25px; text-indent: 32px;\">年全体会议”在我校召开。教育部高等学校管理科学与工程类专业指导委员会主任、教育部长江学者特聘教授、清华大学经济管理学院博士生导师陈国青教授，省教育厅高教处处长胡永红，我校党委书记田延光、校长兼江西</span></p>', '10', '1507651200', '1508416333', '1', '1');
INSERT INTO `blog_detail` VALUES ('104', '6', '江西师范大学管理决策评价研究中心学术委员会章程', '<p style=\"text-indent: 0em; text-align: center;\"><span style=\"font-family: 宋体, SimSun;\"><strong><span style=\"font-size: 18px;\">江西师范大学管理决策评价研究中心</span></strong></span></p><p style=\"text-indent: 0em; text-align: center;\"><span style=\"font-family: 宋体, SimSun;\"><strong><span style=\"font-family: 宋体, SimSun; text-indent: 2em; font-size: 18px;\">学术委员会章程</span></strong></span></p><p style=\"text-indent: 2em;\"><span style=\"font-family: 宋体, SimSun;\">第一章&nbsp; 总则</span></p><p style=\"text-indent: 2em;\"><span style=\"font-family: 宋体, SimSun;\">第一条 为加强管理决策评价研究中心科学研究、人才培养、学术交流和资料信息建设、咨询服务，深化体制改革，塑造管理决策评价研究品牌，构建中国地方政府、企业及社会的“思想库”、“信息库”和“人才库”，依据《江西省普通高等学校人文社会科学重点研究基地管理办法》（试行），制定本学术委员会章程。</span></p><p style=\"text-indent: 2em;\"><span style=\"font-family: 宋体, SimSun;\">第二条&nbsp; 江西省高校人文社科重点研究基地：江西师范大学管理决策评价研究中心学术委员会（以下简称中心学术委员会）是中心的学术指导机构。主要负责审议中心的学术研究方向及中长期研究规划；参与中心重大项目和其他开放研究课题的评审并提出资助建议；参与重大成果的评审鉴定工作；对重大课题经费的合理使用提出建议并监督；协调举办中心的重大学术活动。</span></p><p style=\"text-indent: 2em;\"><span style=\"font-family: 宋体, SimSun;\">第二章 &nbsp;学术委员会组织机构</span></p><p style=\"text-indent: 2em;\"><span style=\"font-family: 宋体, SimSun;\">第三条 中心学术委员会设顾问2名、主任委员1人，副主任委员1人。中心学术委员会由5至7人组成，且为单数。中心学术委员会委员由中心主任提名，中心超过2/3的专职研究人员选举同意确定。</span></p><p style=\"text-indent: 2em;\"><span style=\"font-family: 宋体, SimSun;\">第四条&nbsp; 中心学术委员会主任委员经全体学术委员会成员选举产生，由超过三分之二的学术委员会委员选举同意确定，并由江西师范大学校长聘任。中心学术委员会副主任由主任提名，由超过三分之二的学术委员会委员同意确定。</span></p><p style=\"text-indent: 2em;\"><span style=\"font-family: 宋体, SimSun;\">第五条 &nbsp;中心学术委员会每年定期举行至少一次全体会议，按照少数服从多数的原则，讨论决定重大事宜。</span></p><p style=\"text-indent: 2em;\"><span style=\"font-family: 宋体, SimSun;\">第六条 &nbsp;中心学术委员会对重大事项采取举手表决或无记名投票等方式，每位委员一票，特殊情况下可采用委托方式，以便不在当地的委员参加表决。</span></p><p style=\"text-indent: 2em;\"><span style=\"font-family: 宋体, SimSun;\">第七条&nbsp; 中心学术委员会可根据需要召开中心学术委员会主任和副主任会议，讨论和决定中心学术委员会日常工作。</span></p><p style=\"text-indent: 2em;\"><span style=\"font-family: 宋体, SimSun;\">第三章&nbsp; 学术委员会职责</span></p><p style=\"text-indent: 2em;\"><span style=\"font-family: 宋体, SimSun;\">学术委员会履行以下职责：</span></p><p style=\"text-indent: 2em;\"><span style=\"font-family: 宋体, SimSun;\">第八条&nbsp; 咨询和审议中心的科学研究方向、建设目标和发展规划；</span></p><p style=\"text-indent: 2em;\"><span style=\"font-family: 宋体, SimSun;\">第九条&nbsp; 咨询和审议中心的基金、重大课题或专项研究项目，提出资助额建议，监督经费的使用；</span></p><p style=\"text-indent: 2em;\"><span style=\"font-family: 宋体, SimSun;\">第十条&nbsp; 评估中心研究人员和重点科研项目的学术水平，并提出具体意见或奖励建议；</span></p><p style=\"text-indent: 2em;\"><span style=\"font-family: 宋体, SimSun;\">第十一条&nbsp; 对中心的各项规章制度的制定提出意见和建议；</span></p><p style=\"text-indent: 2em;\"><span style=\"font-family: 宋体, SimSun;\">第十二条&nbsp; 提出国内外合作和学术交流咨询的建议，推动和促进中心的学术交流和合作；</span></p><p style=\"text-indent: 2em;\"><span style=\"font-family: 宋体, SimSun;\">第十三条&nbsp; 定期听取中心主任的工作汇报，对中心的工作提出建议性意见。</span></p><p style=\"text-indent: 2em;\"><span style=\"font-family: 宋体, SimSun;\">第四章&nbsp; 学术委员会委员</span></p><p style=\"text-indent: 2em;\"><span style=\"font-family: 宋体, SimSun;\">第十四条&nbsp; 中心学术委员会委员原则上应有正高级职称（教授或研究员）、有扎实的科学研究基础、有较高的学术水平和学术造诣、在学术界有较高的声望和影响力、有丰富的学术背景以及教学和科研经验；</span></p><p style=\"text-indent: 2em;\"><span style=\"font-family: 宋体, SimSun;\">第十五条&nbsp; 中心学术委员会委员从全国范围聘请，其中江西师范大学所占人数原则上不超过三分之一（包括正副主任）。适当情况下可以聘请国外学术造诣深、知名度高的专家或企业高级管理人员。</span></p><p style=\"text-indent: 2em;\"><span style=\"font-family: 宋体, SimSun;\">第十六条&nbsp; 中心学术委员会实行任期制，每届任期三年，可以连任。为了保证中心学术委员会工作的连续性，换届时需变更和保留的委员均不得少于三分之一。学术委员会委员的增补，由主任提名，全体学术委员的三分之二同意确定。</span></p><p style=\"text-indent: 2em;\"><span style=\"font-family: 宋体, SimSun;\">第五章&nbsp; 附则</span></p><p style=\"text-indent: 2em;\"><span style=\"font-family: 宋体, SimSun;\">第十七条&nbsp; 中心学术委员会的日常工作及学术委员会主任、副主任交办的有关事宜，由中心负责落实；</span></p><p style=\"text-indent: 2em;\"><span style=\"font-family: 宋体, SimSun;\">第十八条&nbsp; 对本学术委员会章程的修订须经全体学术委员表决或无记名投票，并有三分之二以上多数委员通过方为有效。</span></p><p style=\"text-indent: 2em;\"><span style=\"font-family: 宋体, SimSun;\">第十九条&nbsp; 本章程的解释权属江西省高校人文社科重点研究基地：江西师范大学管理决策评价研究中心。</span></p><p style=\"text-indent: 2em;\"><span style=\"font-family: 宋体, SimSun;\">&nbsp;</span></p><p style=\"text-indent: 2em;\"><span style=\"font-family: 宋体, SimSun;\">&nbsp;</span></p><p><br/></p>', '10', '1497110400', '1497273164', '1', '2');
INSERT INTO `blog_detail` VALUES ('105', '7', '管理决策评价研究中心组织架构', '<p style=\"text-align: center;\"><img src=\"/ueditor/php/upload/image/20170418/1492524304126199.png\" title=\"1492524304126199.png\" alt=\"QQ图片20170418220443.png\"/></p>', '10', '1494172800', '1497273150', '1', '2');
INSERT INTO `blog_detail` VALUES ('107', '8', '《2012年中国地方政府效率研究报告》媒体反响', '<p style=\"text-align: center;\"><strong><span style=\"font-size: 18px;\"><span style=\"font-family: 宋体;\">《</span><span style=\"font-family: Helvetica;\">2012</span><span style=\"font-family: 宋体;\">年中国省级地方政府效率研究报告》发布网易财经全程直播</span></span></strong></p><p style=\"padding:0 0 0 0 ;text-align:center\"><strong><span style=\"font-family: 宋体; font-size: 18px;\"></span></strong></p><p style=\"text-align: center;\"><img src=\"/ueditor/php/upload/image/20170416/1492313459669144.jpg\" style=\"width: 621px; height: 362px;\" title=\"1492313459669144.jpg\" width=\"621\" height=\"362\"/></p><p style=\"text-align: center;\"><img src=\"/ueditor/php/upload/image/20170416/1492313463841873.jpg\" style=\"width: 620px; height: 343px;\" title=\"1492313463841873.jpg\" width=\"620\" height=\"343\"/></p><p style=\"text-align: center;\"><img src=\"/ueditor/php/upload/image/20170416/1492313468113233.jpg\" style=\"width: 620px; height: 447px;\" title=\"1492313468113233.jpg\" width=\"620\" height=\"447\"/></p><p style=\"padding:0 0 0 0 ;text-align:center\"><span style=\"font-size: 17px; font-family: 宋体;\"></span><br/></p><p style=\"padding: 0px; text-align: center;\"><strong><span style=\"font-family: 宋体; font-size: 18px;\">综合新闻报道</span></strong></p><p style=\"padding: 0px; text-align: center;\"><strong><span style=\"font-size: 18px;\"><span style=\"font-family: 宋体;\">网易新闻：</span><span style=\"font-family: Helvetica;\">2012</span><span style=\"font-family: 宋体;\">省级政府效率排名湖北排名</span><span style=\"font-family: Helvetica;\">12</span><span style=\"font-family: 宋体;\">居中部第二</span></span></strong></p><p style=\"padding: 0px; text-align: center;\"><span style=\";font-family:&#39;Songti SC Regular&#39;;color:rgb(43,43,43);font-size:12px\">2012-10-29 15:08:00</span><span style=\"color: rgb(43, 43, 43); font-size: 12px; font-family: 宋体;\">　来源</span><span style=\";font-family:&#39;Songti SC Regular&#39;;color:rgb(43,43,43);font-size:12px\">: </span><a href=\"http://hb.people.com.cn/n/2012/1029/c194063-17645494.html\"><span style=\";font-family:宋体;color:rgb(43,43,43);font-size:12px\">人民网</span></a><span style=\";font-family:&#39;Songti SC Regular&#39;;color:rgb(43,43,43);font-size:12px\">(</span><span style=\"color: rgb(43, 43, 43); font-size: 12px; font-family: 宋体;\">北京</span><span style=\";font-family:&#39;Songti SC Regular&#39;;color:rgb(43,43,43);font-size:12px\">)</span></p><p style=\"text-indent:19px;padding:0 0 0 0 ;text-align:justify;text-justify:inter-ideograph\"><span style=\"font-family: 宋体, SimSun;\"><span style=\"color: rgb(43, 43, 43); font-size: 16px;\">人民网武汉</span><span style=\"color: rgb(43, 43, 43); font-size: 16px;\">10</span><span style=\"color: rgb(43, 43, 43); font-size: 16px;\">月</span><span style=\"color: rgb(43, 43, 43); font-size: 16px;\">29</span><span style=\"color: rgb(43, 43, 43); font-size: 16px;\">日电</span><span style=\"color: rgb(43, 43, 43); font-size: 16px;\">&nbsp;</span><span style=\"color: rgb(43, 43, 43); font-size: 16px;\">&nbsp;</span><span style=\"color: rgb(43, 43, 43); font-size: 16px;\">北京师范大学政府管理研究院近日发布《</span><span style=\"color: rgb(43, 43, 43); font-size: 16px;\">2012</span><span style=\"color: rgb(43, 43, 43); font-size: 16px;\">年中国省级地方政府效率研究报告》，对全国</span><span style=\"color: rgb(43, 43, 43); font-size: 16px;\">31</span><span style=\"color: rgb(43, 43, 43); font-size: 16px;\">个省级地方政府去年的效率进行排名。其中湖北由去年排名第</span><span style=\"color: rgb(43, 43, 43); font-size: 16px;\">23</span><span style=\"color: rgb(43, 43, 43); font-size: 16px;\">位上升至今年的第</span><span style=\"color: rgb(43, 43, 43); font-size: 16px;\">12</span><span style=\"color: rgb(43, 43, 43); font-size: 16px;\">位，较上一年提升了</span><span style=\"color: rgb(43, 43, 43); font-size: 16px;\">11</span><span style=\"color: rgb(43, 43, 43); font-size: 16px;\">个位次，居中部六省份第二。江苏则连续两年成为政府效率最高的省份。</span></span></p><p style=\"text-indent:19px;padding:0 0 0 0 ;text-align:justify;text-justify:inter-ideograph\"><span style=\"color: rgb(43, 43, 43); font-family: 宋体, SimSun;\">该《报告》由北京师范大学管理学院和政府管理研究院联合完成，今年是第二次发布。《报告》称，区域经济发展和政府效率之间呈现显著的正相关关系。据介绍，政府效率排名靠前，说明当地居民具有较高的经济福利水平。</span></p><p style=\"text-indent:19px;padding:0 0 0 0 ;text-align:justify;text-justify:inter-ideograph\"><span style=\"font-family: 宋体, SimSun;\"><span style=\"font-family: 宋体; color: rgb(43, 43, 43); font-size: 16px;\">湖北</span><span style=\"font-family: &#39;Songti SC Regular&#39;; color: rgb(43, 43, 43); font-size: 16px;\">GDP</span><span style=\"font-family: 宋体; color: rgb(43, 43, 43); font-size: 16px;\">总量达</span><span style=\"font-family: &#39;Songti SC Regular&#39;; color: rgb(43, 43, 43); font-size: 16px;\">19594.19</span><span style=\"font-family: 宋体; color: rgb(43, 43, 43); font-size: 16px;\">亿元，升至全国第</span><span style=\"font-family: &#39;Songti SC Regular&#39;; color: rgb(43, 43, 43); font-size: 16px;\">10</span><span style=\"font-family: 宋体; color: rgb(43, 43, 43); font-size: 16px;\">位；人均生产总值居中部第一；经济增速</span><span style=\"font-family: &#39;Songti SC Regular&#39;; color: rgb(43, 43, 43); font-size: 16px;\">13.8%</span><span style=\"font-family: 宋体; color: rgb(43, 43, 43); font-size: 16px;\">，高出全国平均水平</span><span style=\"font-family: &#39;Songti SC Regular&#39;; color: rgb(43, 43, 43); font-size: 16px;\">4.6</span><span style=\"font-family: 宋体; color: rgb(43, 43, 43); font-size: 16px;\">个百分点，居中部第一。</span></span></p><p style=\"text-indent: 2em;\"><span style=\"font-family: 宋体, SimSun;\">专家认为，湖北政府效率排名显著提升，得益于近年来大力实施的基础设施建设。同时，自去年由武汉率先发起、后在全省推广实施的治庸问责风暴，对政府效率的提升也起到重要推动作用。（李如胜）(http://news.163.com/12/1029/15/8F0ARKLN00014JB6.html)</span><span style=\";font-family:&#39;Songti SC Regular&#39;;color:rgb(43,43,43);font-size:16px\"><img src=\"/ueditor/php/upload/image/20170416/1492313881492326.jpg\" title=\"1492313881492326.jpg\" alt=\"QQ图片20170416113744.jpg\"/></span></p><p style=\"padding:0 0 0 0 ;text-align:center\"><strong><span style=\"font-size: 18px;\"><span style=\"font-family: 宋体;\">新华网：全国</span><span style=\"font-family: Helvetica;\">31</span><span style=\"font-family: 宋体;\">个省级政府效率排名江苏北京山东居前三</span></span></strong></p><p style=\"padding:0 0 0 0 ;text-align:center\"><span style=\";font-family:&#39;Songti SC Regular&#39;;color:rgb(128,128,128);font-size:13px\">2012</span><span style=\"color: rgb(128, 128, 128); font-size: 13px; font-family: 宋体;\">年</span><span style=\";font-family:&#39;Songti SC Regular&#39;;color:rgb(128,128,128);font-size:13px\">10</span><span style=\"color: rgb(128, 128, 128); font-size: 13px; font-family: 宋体;\">月</span><span style=\";font-family:&#39;Songti SC Regular&#39;;color:rgb(128,128,128);font-size:13px\">29</span><span style=\"color: rgb(128, 128, 128); font-size: 13px; font-family: 宋体;\">日</span><span style=\";font-family:Helvetica;color:rgb(128,128,128);font-size:13px\">&nbsp;</span><span style=\";font-family:&#39;Songti SC Regular&#39;;color:rgb(128,128,128);font-size:13px\">09:14:17 </span><span style=\"color: rgb(128, 128, 128); font-size: 13px; font-family: 宋体;\">来源：</span><span style=\";font-family:Helvetica;color:rgb(128,128,128);font-size:13px\">&nbsp;</span><span style=\"color: rgb(128, 128, 128); font-size: 13px; font-family: 宋体;\">长江日报</span></p><p style=\"text-indent:40px;padding:0 0 0 0 \"><span style=\"font-family: &#39;Songti SC Regular&#39;;font-size: 16px\">27</span><span style=\"font-family: 宋体;font-size: 16px\">日发布的《</span><span style=\"font-family: &#39;Songti SC Regular&#39;;font-size: 16px\">2012</span><span style=\"font-family: 宋体;font-size: 16px\">中国省级地方政府效率研究报告》，对全国</span><span style=\"font-family: &#39;Songti SC Regular&#39;;font-size: 16px\">31</span><span style=\"font-family: 宋体;font-size: 16px\">个省级地方政府去年的效率进行排名。其中，湖北居第</span><span style=\"font-family: &#39;Songti SC Regular&#39;;font-size: 16px\">12</span><span style=\"font-family: 宋体;font-size: 16px\">位，较上一年提升了</span><span style=\"font-family: &#39;Songti SC Regular&#39;;font-size: 16px\">11</span><span style=\"font-family: 宋体;font-size: 16px\">个位次，是正向变化最大的省份。</span></p><p style=\"text-indent:40px;padding:0 0 0 0 \"><span style=\"font-family: 宋体;font-size: 16px\">该《报告》由北京师范大学管理学院和政府管理研究院联合完成，今年是第二次发布。</span><span style=\"font-size: 16px; font-family: 宋体; text-decoration: none;\">政府效率</span><span style=\"font-family: 宋体;font-size: 16px\">，是指政府从事公共管理过程中以较低的成本、较少的资源实现政府最优产出、达到预定行政目标的水平和能力。为了测量政府效率，该《报告》设计了一套指标体系，由政府公共服务、公共物品、政府规模、居民经济福利等因素组成。</span></p><p style=\"text-indent:40px;padding:0 0 0 0 \"><span style=\"font-family: 宋体;font-size: 16px\">《报告》显示，本次</span><span style=\"font-family: 宋体; font-size: 16px; text-decoration: none;\">排名</span><span style=\"font-family: 宋体;font-size: 16px\">前</span><span style=\"font-family: &#39;Songti SC Regular&#39;;font-size: 16px\">11</span><span style=\"font-family: 宋体;font-size: 16px\">位分别是江苏、北京、山东、浙江、辽宁、上海、广东、天津、河北、黑龙江、安徽，湖北排在第</span><span style=\"font-family: &#39;Songti SC Regular&#39;;font-size: 16px\">12</span><span style=\"font-family: 宋体;font-size: 16px\">位。而在去年发布的《报告》中，湖北排在第</span><span style=\"font-family: &#39;Songti SC Regular&#39;;font-size: 16px\">23</span><span style=\"font-family: 宋体;font-size: 16px\">位。</span></p><p style=\"text-indent:40px;padding:0 0 0 0 \"><span style=\"font-family: 宋体;font-size: 16px\">《报告》称，区域经济发展和政府效率之间呈现显著的正相关关系。湖北</span><span style=\"font-family: &#39;Songti SC Regular&#39;;font-size: 16px\">GDP</span><span style=\"font-family: 宋体;font-size: 16px\">总量达</span><span style=\"font-family: &#39;Songti SC Regular&#39;;font-size: 16px\">19594.19</span><span style=\"font-family: 宋体;font-size: 16px\">亿元，升至全国第</span><span style=\"font-family: &#39;Songti SC Regular&#39;;font-size: 16px\">10</span><span style=\"font-family: 宋体;font-size: 16px\">位</span><span style=\"font-family: &#39;Songti SC Regular&#39;;font-size: 16px\">;</span><span style=\"font-family: 宋体;font-size: 16px\">人均生产总值居中部第一</span><span style=\"font-family: &#39;Songti SC Regular&#39;;font-size: 16px\">;</span><span style=\"font-family: 宋体;font-size: 16px\">经济增速</span><span style=\"font-family: &#39;Songti SC Regular&#39;;font-size: 16px\">13.8%</span><span style=\"font-family: 宋体;font-size: 16px\">，高出全国平均水平</span><span style=\"font-family: &#39;Songti SC Regular&#39;;font-size: 16px\">4.6</span><span style=\"font-family: 宋体;font-size: 16px\">个百分点，居中部第一。</span></p><p style=\"text-indent: 2em;\"><span style=\"font-family: 宋体, SimSun;\">专家认为，湖北政府效率排名显著提升，得益于近年来大力实施的基础设施建设。作为政府效率的考量指标，政府公共服务、政府公共物品包括社会基础设施和城市基础设施。还有专家认为，2011年，由武汉率先发起、后在全省推广实施的治庸问责风暴，对政府效率的提升也起到重要推动作用。（http://news.xinhuanet.com/2012-10/29/c_123881744.htm）</span><span style=\"font-family: 宋体;font-size: 16px\"><img src=\"/ueditor/php/upload/image/20170416/1492313972111361.jpg\" title=\"1492313972111361.jpg\" alt=\"QQ图片20170416112709.jpg\" width=\"738\" height=\"418\" style=\"width: 738px; height: 418px;\"/></span></p><p style=\"padding:0 0 0 0 ;text-align:center\"><strong><span style=\"font-size: 18px;\"><span style=\"font-family: 宋体;\">中国在线：</span><span style=\"font-family: Helvetica;\">2012</span><span style=\"font-family: 宋体;\">省级地方政府效率排名北京第二</span></span></strong></p><p style=\"padding:0 0 0 0 ;text-align:center\"><span style=\";font-family:&#39;Songti SC Regular&#39;;color:rgb(128,128,128);font-size:13px\">2012-10-29 09:10:45</span><span style=\"color: rgb(128, 128, 128); font-size: 13px; font-family: 宋体;\">来源：北京日报</span></p><p style=\"padding:0 0 0 0 \"><br/></p><p style=\"text-indent:38px;padding:0 0 0 0 \"><span style=\"font-size: 16px; font-family: 宋体; background: rgb(255, 255, 255);\">北京师范大学政府管理研究院昨天公布了</span><span style=\"font-family: Arial;font-size: 16px;background: rgb(255, 255, 255)\">2012</span><span style=\"font-size: 16px; font-family: 宋体; background: rgb(255, 255, 255);\">省级地方政府效率测度报告，在全国各省区市中，江苏省位居第一，本市排名第二。据介绍，政府效率排名靠前，说明当地居民具有较高的经济福利水平。</span></p><p style=\"text-indent:38px;padding:0 0 0 0 \"><span style=\"font-size: 16px; font-family: 宋体; background: rgb(255, 255, 255);\">北师大有关负责人表示，政府效率是政府投入和产出之比，一定的人力、物力和财力投入，是政府配置生产资源、提供公共物品和服务、进行基础设施建设的前提。省级政府效率排名与区域经济社会发展具有一定的正相关性。政府效率较高的省级地方政府，其辖区经济社会发展水平较高。</span></p><p style=\"text-indent: 2em;\"><span style=\"font-family: 宋体, SimSun;\">在政府效率排名一级指标中，本市在政府公共服务和居民经济福利两项中均排名第一。政府公共服务包括科教文卫服务、公共安全服务、气象服务和社会保障服务等，与地区经济发展水平有较大关系。居民经济福利表征了居民的经济生活水平，从侧面反映政府收益，是衡量政府效率重要的外溢指标。（记者王东亮）（http://www.chinadaily.com.cn/dfpd/shehui/2012-10/29/content_15852814.htm）</span></p><p style=\"text-indent: 38px; padding: 0px; text-align: center;\"><span style=\"font-size: 16px; font-family: 宋体; background: rgb(255, 255, 255);\"><img src=\"/ueditor/php/upload/image/20170416/1492314032108977.jpg\" title=\"1492314032108977.jpg\" alt=\"QQ图片20170416112716.jpg\" width=\"717\" height=\"397\" style=\"width: 717px; height: 397px;\"/></span></p><p style=\"padding:0 0 0 0 ;text-align:center\"><strong><span style=\"font-family: 宋体; font-size: 18px;\">《人民日报海外版》<span style=\"font-family: 宋体; text-indent: 32px;\">闽政府效率排名中游</span></span></strong></p><p style=\"padding:0 0 0 0 ;text-align:center\"><span style=\"color: rgb(128, 128, 128); font-size: 13px; font-family: 宋体;\">（</span><span style=\";font-family:Helvetica;color:rgb(128,128,128);font-size:13px\">&nbsp;</span><span style=\";font-family:&#39;Songti SC Regular&#39;;color:rgb(128,128,128);font-size:13px\">2012</span><span style=\"color: rgb(128, 128, 128); font-size: 13px; font-family: 宋体;\">年</span><span style=\";font-family:&#39;Songti SC Regular&#39;;color:rgb(128,128,128);font-size:13px\">11</span><span style=\"color: rgb(128, 128, 128); font-size: 13px; font-family: 宋体;\">月</span><span style=\";font-family:&#39;Songti SC Regular&#39;;color:rgb(128,128,128);font-size:13px\">02</span><span style=\"color: rgb(128, 128, 128); font-size: 13px; font-family: 宋体;\">日</span><span style=\";font-family:Helvetica;color:rgb(128,128,128);font-size:13px\">&nbsp;</span><span style=\";font-family:&#39;Songti SC Regular&#39;;color:rgb(128,128,128);font-size:13px\">&nbsp;</span><span style=\"color: rgb(128, 128, 128); font-size: 13px; font-family: 宋体;\">第</span><span style=\";font-family:&#39;Songti SC Regular&#39;;color:rgb(128,128,128);font-size:13px\">03 </span><span style=\"color: rgb(128, 128, 128); font-size: 13px; font-family: 宋体;\">版）</span></p><p style=\"padding: 0px; text-indent: 2em;\"><span style=\"font-family: 宋体;\">本报北京电　（记者任成琦）近日发布的《</span><span style=\"font-family: &#39;Songti SC Regular&#39;;\">2012</span><span style=\"font-family: 宋体;\">中国省级地方政府效率研究报告》显示，东部地区的福建位居中游，排名第</span><span style=\"font-family: &#39;Songti SC Regular&#39;;\">17</span><span style=\"font-family: 宋体;\">。报告同时对当前我国</span><span style=\"font-family: &#39;Songti SC Regular&#39;;\">31</span><span style=\"font-family: 宋体;\">个省级政府效率做出</span><span style=\"font-family: &#39;Songti SC Regular&#39;;\">“</span><span style=\"font-family: 宋体;\">总体变化趋好</span><span style=\"font-family: &#39;Songti SC Regular&#39;;\">”</span><span style=\"font-family: 宋体;\">的判断。</span><br/></p><p style=\"text-indent:32px;padding:0 0 0 0 \"><span style=\"font-family: 宋体;font-size: 16px\">报告对省级地方政府的效率首次进行了量化测度后认为，当前的效率排名呈阶梯形分布，排名也由高到低呈现</span><span style=\"font-family: &#39;Songti SC Regular&#39;;font-size: 16px\">“</span><span style=\"font-family: 宋体;font-size: 16px\">东部</span><span style=\"font-family: &#39;Songti SC Regular&#39;;font-size: 16px\">—</span><span style=\"font-family: 宋体;font-size: 16px\">东北部</span><span style=\"font-family: &#39;Songti SC Regular&#39;;font-size: 16px\">—</span><span style=\"font-family: 宋体;font-size: 16px\">中部</span><span style=\"font-family: &#39;Songti SC Regular&#39;;font-size: 16px\">—</span><span style=\"font-family: 宋体;font-size: 16px\">西部</span><span style=\"font-family: &#39;Songti SC Regular&#39;;font-size: 16px\">”</span><span style=\"font-family: 宋体;font-size: 16px\">的特点。政府效率较高的省级地方政府，其辖区经济社会发展水平较高。</span></p><p><span style=\"font-family: 宋体;font-size: 16px\">该报告由北京师范大学管理学院和政府管理研究院共同完成，今年是第二次发布。</span></p><p style=\"text-align: center;\"><span style=\"font-family: 宋体;font-size: 16px\"><img src=\"/ueditor/php/upload/image/20170416/1492314312715059.jpg\" title=\"1492314312715059.jpg\" alt=\"QQ图片20170416114528.jpg\" width=\"684\" height=\"340\" style=\"width: 684px; height: 340px;\"/></span></p><p style=\"text-align: center;\"><span style=\"font-family: 宋体;font-size: 16px\"><img src=\"/ueditor/php/upload/image/20170416/1492314136657654.jpg\" title=\"1492314136657654.jpg\" alt=\"QQ图片20170416112726.jpg\" width=\"703\" height=\"328\" style=\"width: 703px; height: 328px;\"/></span></p><p style=\"padding:0 0 0 0 ;text-align:center\"><strong><span style=\"font-size: 18px;\"><span style=\"font-family: 宋体;\">新浪新闻：《</span><span style=\"font-family: Helvetica;\">2012</span><span style=\"font-family: 宋体;\">年中国省级地方政府效率研究报告》发布</span></span></strong></p><p style=\"padding:0 0 0 0 ;text-align:center\"><span style=\";font-family:&#39;Songti SC Regular&#39;;color:rgb(153,153,153);font-size:13px\">2012</span><span style=\"color: rgb(153, 153, 153); font-size: 13px; font-family: 宋体;\">年</span><span style=\";font-family:&#39;Songti SC Regular&#39;;color:rgb(153,153,153);font-size:13px\">11</span><span style=\"color: rgb(153, 153, 153); font-size: 13px; font-family: 宋体;\">月</span><span style=\";font-family:&#39;Songti SC Regular&#39;;color:rgb(153,153,153);font-size:13px\">01</span><span style=\"color: rgb(153, 153, 153); font-size: 13px; font-family: 宋体;\">日</span><span style=\";font-family:&#39;Songti SC Regular&#39;;color:rgb(153,153,153);font-size:13px\">05:59</span><span style=\";font-family:Helvetica;color:rgb(153,153,153);font-size:13px\">&nbsp;&nbsp;</span><span style=\"color: rgb(153, 153, 153); font-size: 13px; font-family: 宋体;\">来源：工人日报</span></p><p style=\"text-indent: 2em;\"><span style=\"font-family: 宋体, SimSun;\">本报讯&nbsp;（记者杜鑫）日前，北京师范大学管理学院、政府管理研究院联合发布《2012年中国省级地方政府效率研究报告》，指出2012年政府效率正向变化最大的省级政府是湖北省，负向变化最大的省级政府是青海省，山东、辽宁、安徽分别是东部、东北部、中部效率提升较快的省级政府。与2011年相比，中国省级地方政府效率总体上有所提升，并且地域特征有所减弱。该报告认为，中国政府长期以来在追求经济发展的高效率的同时，在一定程度上忽视了社会公平，导致社会发展不平衡，社会鸿沟加深。</span></p><p style=\"text-indent: 2em;\"><span style=\"font-family: 宋体, SimSun;\">（原标题：《2012年中国省级地方政府效率研究报告》发布）（http://news.sina.com.cn/o/2012-11-01/055925484416.shtml）</span></p><p style=\"text-align: center;\"><img src=\"/ueditor/php/upload/image/20170416/1492314386291325.jpg\" title=\"1492314386291325.jpg\" alt=\"QQ图片20170416112726.jpg\" width=\"703\" height=\"340\" style=\"width: 703px; height: 340px;\"/></p>', '10', '1494000000', '1497273111', '1', '2');
INSERT INTO `blog_detail` VALUES ('106', '9', '合作研究', '<p st<x>yle=\"text-align: left; text-indent: 0em;\"><span st<x>yle=\"font-family: 宋体 SimSun; text-indent: 32px;\">&nbsp; &nbsp;自2011年以来，江西师范大学管理决策评价研究中心与北京师范大学管理学院、政府管理学院、政府管理研究院携手合作，共同开展中国地方政府效率研究，连续发布了6部《中国地方政府效率研究年度报告》（以下简称研究报告），受</span><span st<x>yle=\"font-family: 宋体 SimSun; text-indent: 32px;\">中国地方政府、学术界及权威媒体的高度关注，已经成为中国地方政府效率研究的重要平台、知名品牌与重要智库。</span></p><p st<x>yle=\"text-align: left; text-indent: 0em;\"><span st<x>yle=\"font-family: 宋体 SimSun; font-size: 16px;\">&nbsp; &nbsp; 结合近年来的社会热点及政府关注重点，江西师范大学管理决策评价研究中心联合北京师范大学连续出版、发布六部地方政府效率研究年度报告，具体包括：以“新公共管理视野下中国省级地方政府的投入与产出”为主题的《2011中国省级地方政府效率研究报告》、以“剖解效率悖论，消除社会鸿沟”为主题的《2012中国省级地方政府效率研究报告》、以“腐败对效率的侵蚀”为主题的《2013中国省级地方政府效率研究报告》、以“地方政府治理现代化”为主题的《2014中国省级地方政府效率研究报告》、以“简政放权对政府效率的影响”为主题的《2015中国省级地方政府效率研究报告》、以“地方政府政务公开”为主题的《2016中国省级地方政府效率研究报告》。这些合作研究成果在社会上产生了较大的影响，促进了地方政府效率研究及实践，具有积极的现实意义与学术价值。</span></p><p st<x>yle=\"text-align: left; text-indent: 0em;\"><span st<x>yle=\"font-family: 宋体 SimSun; font-size: 16px;\">&nbsp;</span></p><p st<x>yle=\"text-indent: 0em; white-space: normal;\"><span st<x>yle=\"font-family: 宋体 SimSun;\"><strong>附录：2011—2016年江西师范大学管理决策评价研究中心与北京师范大学合作出版、发布的</strong><strong>中国地方政府效率研究报告名称</strong></span></p><p st<x>yle=\"text-indent: 0em; white-space: normal;\"><span st<x>yle=\"font-family: 宋体 SimSun;\"></span></p><p st<x>yle=\"text-indent: 0em; white-space: normal; line-height: 16px;\"><img src=\"http://managercenter.wvwvw.cn/Public/assets/global/plugins/ueditor/dialogs/attachment/fileTypeImages/icon_doc.gif\" st<x>yle=\"vertical-align: middle; margin-right: 2px;\"/><a href=\"http://managercenter.wvwvw.cn/ueditor/php/upload/file/20170416/1492311450125381.doc\" ti<x>tle=\"2011中国省级地方政府效率研究报告.doc\" st<x>yle=\"color: rgb(0 102 204); font-family: 宋体 SimSun;\">2011中国省级地方政府效率研究报告.doc</a></p><p st<x>yle=\"text-indent: 0em; white-space: normal; line-height: 16px;\"><img src=\"http://managercenter.wvwvw.cn/Public/assets/global/plugins/ueditor/dialogs/attachment/fileTypeImages/icon_doc.gif\" st<x>yle=\"vertical-align: middle; margin-right: 2px;\"/><a href=\"http://managercenter.wvwvw.cn/ueditor/php/upload/file/20170416/1492310925305912.doc\" ti<x>tle=\"2012中国省级地方政府效率研究报告.doc\" st<x>yle=\"color: rgb(0 102 204); font-family: 宋体 SimSun;\">2012中国省级地方政府效率研究报告.doc</a></p><p st<x>yle=\"text-indent: 0em; white-space: normal; line-height: 16px;\"><img src=\"http://managercenter.wvwvw.cn/Public/assets/global/plugins/ueditor/dialogs/attachment/fileTypeImages/icon_doc.gif\" st<x>yle=\"vertical-align: middle; margin-right: 2px;\"/><a href=\"http://managercenter.wvwvw.cn/ueditor/php/upload/file/20170416/1492310932136922.doc\" ti<x>tle=\"2013中国省级地方政府效率研究报告.doc\" st<x>yle=\"color: rgb(0 102 204); font-family: 宋体 SimSun;\">2013中国省级地方政府效率研究报告.doc</a></p><p st<x>yle=\"text-indent: 0em; white-space: normal; line-height: 16px;\"><img src=\"http://managercenter.wvwvw.cn/Public/assets/global/plugins/ueditor/dialogs/attachment/fileTypeImages/icon_doc.gif\" st<x>yle=\"vertical-align: middle; margin-right: 2px;\"/><a href=\"http://managercenter.wvwvw.cn/ueditor/php/upload/file/20170416/1492310936520555.doc\" ti<x>tle=\"2014中国地方政府效率研究报告.doc\" st<x>yle=\"color: rgb(0 102 204); font-family: 宋体 SimSun;\">2014中国地方政府效率研究报告.doc</a></p><p st<x>yle=\"text-indent: 0em; white-space: normal; line-height: 16px;\"><img src=\"http://managercenter.wvwvw.cn/Public/assets/global/plugins/ueditor/dialogs/attachment/fileTypeImages/icon_doc.gif\" st<x>yle=\"vertical-align: middle; margin-right: 2px;\"/><a href=\"http://managercenter.wvwvw.cn/ueditor/php/upload/file/20170416/1492310942199968.doc\" ti<x>tle=\"2015中国地方政府效率研究报告.doc\" st<x>yle=\"color: rgb(0 102 204); font-family: 宋体 SimSun;\">2015中国地方政府效率研究报告.doc</a></p><p st<x>yle=\"text-indent: 0em; white-space: normal; line-height: 16px;\"><img src=\"http://managercenter.wvwvw.cn/Public/assets/global/plugins/ueditor/dialogs/attachment/fileTypeImages/icon_doc.gif\" st<x>yle=\"vertical-align: middle; margin-right: 2px;\"/><a href=\"http://managercenter.wvwvw.cn/ueditor/php/upload/file/20170416/1492310947139341.doc\" ti<x>tle=\"2016中国地方政府效率研究报告.doc\" st<x>yle=\"color: rgb(0 102 204); font-family: 宋体 SimSun;\">2016中国地方政府效率研究报告.doc</a></p><p st<x>yle=\"text-align: left; text-indent: 0em;\"><span st<x>yle=\"font-family: 宋体 SimSun; font-size: 16px;\"></span><br/></p><p st<x>yle=\"text-align: left; text-indent: 0em;\"><br/></p><p st<x>yle=\"text-align: left; text-indent: 0em;\"><span st<x>yle=\"font-family: 宋体 SimSun; font-size: 16px;\"><strong><br/></strong><br/></span></p><p><br/></p>', '10', '1496764800', '1509189820', '1', '2');
INSERT INTO `blog_detail` VALUES ('108', '10', '《2011年中国地方政府效率研究报告》媒体反响', '<p style=\"text-align: center;\"><span style=\"font-size: 18px; font-family: 宋体, SimSun;\"><strong>《2011中国省级地方政府效率研究报告》发布</strong></span></p><p style=\"text-align: center;\"><span style=\"font-family: 宋体, SimSun;\">2011年10月25日来源：人民网转载：新华网、央视网、中国共产党新闻网</span></p><p style=\"text-indent: 2em;\"><span style=\"font-family: 宋体, SimSun;\"><span style=\"font-family: Calibri; font-size: 14px;\">2011</span><span style=\"font-size: 14px; font-family: 宋体;\">年</span><span style=\"font-family: Calibri; font-size: 14px;\">10</span><span style=\"font-size: 14px; font-family: 宋体;\">月</span><span style=\"font-family: Calibri; font-size: 14px;\">22</span><span style=\"font-family: 宋体; font-size: 14px;\"><span style=\"font-family: 宋体;\">日，由北京师范大学管理学院、政府管理研究院主办</span>“《</span><span style=\"font-family: Calibri; font-size: 14px;\">2011</span><span style=\"font-family: 宋体; font-size: 14px;\"><span style=\"font-family: 宋体;\">中国省级地方政府效率研究报告》发布会暨</span>‘北京师范大学政府管理研究院’揭牌仪式”在北京召开。来自全国政协、国家发改委、国资委、教育部、北京市政府和华中科技大学、河南大学等院校的多位官员、专家学者、企业家代表和国内外媒体出席了此次会议。北京师范大学党委常委、副校长陈光巨教授致辞，并聘请十一届全国政协提案委员会副主任、原北京市政协主席阳安江为政府管理研究院理事长。揭牌仪式后，会议主办方北京师范大学管理学院、政府管理研究院联合发布《</span><span style=\"font-family: Calibri; font-size: 14px;\">2011</span><span style=\"font-size: 14px; font-family: 宋体;\">年中国省级地方政府效率研究报告》。</span></span></p><p style=\"text-indent: 2em;\"><span style=\"font-size: 14px; font-family: 宋体, SimSun;\">《报告》系统阐明了国内外研究政府效率的理论基础与现实价值，总结完善了定量测度省级地方政府效率的实践及方法，科学揭示了中国大陆省级地方政府效率的规律性及提升路径，为提升省级地方政府效率，完善政府治理理论提供建议。丰富了新公共管理背景下地方政府治理理论与管理实践，具有重要的理论价值与现实意义。</span></p><p style=\"text-indent: 2em;\"><span style=\"font-size: 14px; font-family: 宋体, SimSun;\">《报告》内容包括三大部分，即总报告、实证报告、专题报告。其中，总报告简述了研究报告的背景及理论基础，重点论述了新公共管理基本理论观点及其对中国政府改革的启示、总结了西方部分国家提升地方政府效率的实践与经验、揭示了承上启下的省级地方政府在中国政府管理的重要作用、阐明了提升省级地方政府效率对实现中国国家战略的关键意义、提出了研究省级地方政府效率的基础理论与方法。</span></p><p style=\"text-indent: 2em;\"><span style=\"font-family: 宋体, SimSun;\"><span style=\"font-size: 14px; font-family: 宋体;\">同时，实证报告根据总报告论述的理论与方法，测度并实证分析</span><span style=\"font-family: Calibri; font-size: 14px;\">2011</span><span style=\"font-size: 14px; font-family: 宋体;\">年中国内地</span><span style=\"font-family: Calibri; font-size: 14px;\">31</span><span style=\"font-size: 14px; font-family: 宋体;\">个省</span><span style=\"font-family: Calibri; font-size: 14px;\">(</span><span style=\"font-size: 14px; font-family: 宋体;\">区</span><span style=\"font-family: Calibri; font-size: 14px;\">/</span><span style=\"font-size: 14px; font-family: 宋体;\">市</span><span style=\"font-family: Calibri; font-size: 14px;\">)</span><span style=\"font-family: 宋体; font-size: 14px;\"><span style=\"font-family: 宋体;\">的政府效率，揭示了中国省级地方政府效率的三大特征：一是中国省级地方政府效率的排名区域集中度较高，政府效率由高到低大致呈现出</span>“东部</span><span style=\"font-family: Calibri; font-size: 14px;\">—</span><span style=\"font-size: 14px; font-family: 宋体;\">东北部</span><span style=\"font-family: Calibri; font-size: 14px;\">—</span><span style=\"font-size: 14px; font-family: 宋体;\">中部</span><span style=\"font-family: Calibri; font-size: 14px;\">—</span><span style=\"font-family: 宋体; font-size: 14px;\"><span style=\"font-family: 宋体;\">西部</span>”的阶梯形分布趋势</span><span style=\"font-family: Calibri; font-size: 14px;\">;</span><span style=\"font-size: 14px; font-family: 宋体;\">二是部分省级地方政府效率呈现出与其所在区域总体位次趋势不一致的情形，比如西部地区的内蒙古、青海和陕西进入全国前</span><span style=\"font-family: Calibri; font-size: 14px;\">15</span><span style=\"font-size: 14px; font-family: 宋体;\">位，东部地区的海南位于全国第</span><span style=\"font-family: Calibri; font-size: 14px;\">29</span><span style=\"font-size: 14px; font-family: 宋体;\">位</span><span style=\"font-family: Calibri; font-size: 14px;\">;</span><span style=\"font-size: 14px; font-family: 宋体;\">三是经济发展和政府效率提升之间具有相关性，二者互相促进，相辅相成。</span></span></p><p style=\"text-indent: 2em;\"><span style=\"font-family: 宋体, SimSun;\"><span style=\"font-size: 14px; font-family: 宋体;\">另外，专题报告重点结合省级地方政府的公共服务职能，着重分析了中国政府的义务教育服务能力及效率、公共卫生与基本医疗服务能力及效率、公共就业服务能力与效率、社会保障服务及绩效、政府投资能力及效率、政府成本与规模、创新政策社会能力建设等方面内容，比较全面地诠释了</span><span style=\"font-family: Calibri; font-size: 14px;\">2011</span><span style=\"font-size: 14px; font-family: 宋体;\">年中国省级地方政府效率现状，论述了省级地方政府效率提升面临的困境与问题，为进一步优化我国省级地方政府效率及其研究提出了方法与路径。</span></span></p><p style=\"text-indent: 2em;\"><span style=\"font-size: 14px; font-family: 宋体, SimSun;\">与会嘉宾、政府管理研究院支持单位、兄弟单位代表及与会专家学者与会专家学者高度评价《报告》的发布，指出：深化政府效率研究有利于提升地方政府治理效率，希望《报告》课题组继续加强研究、多出高质量成果，为提升中国省级政府效率、完善地方政府治理提供建议和参考。</span></p><p style=\"text-indent: 2em;\"><span style=\"font-family: 宋体, SimSun;\"><span style=\"font-size: 14px; font-family: 宋体;\">据北京师范大学管理学院执行院长、政府管理研究院院长、著名管理学家唐任伍教授介绍，《报告》由北京师范大学</span><span style=\"font-family: Calibri; font-size: 14px;\">985</span><span style=\"font-size: 14px; font-family: 宋体;\">工程项目资助，每年下半年发布一次，与《中国民生发展报告》一起，是北京师范大学政府管理研究院为完善政府治理理论、提升政府管理水平的重要研究方向。（陈阳波）</span></span></p><p style=\"text-align: center;\"><img src=\"/ueditor/php/upload/image/20170416/1492315303803403.jpg\" title=\"1492315303803403.jpg\" alt=\"QQ图片20170416120020.jpg\" width=\"720\" height=\"389\" style=\"width: 720px; height: 389px;\"/></p><p><br/></p><p><span style=\"font-size: 14px; font-family: 宋体, SimSun;\"></span></p><p style=\"text-align: center;\"><img src=\"/ueditor/php/upload/image/20170416/1492315373485914.png\" style=\"width: 662px; height: 356px;\" title=\"1492315373485914.png\" width=\"662\" height=\"356\"/></p><p style=\"text-align: center;\"><img src=\"/ueditor/php/upload/image/20170416/1492315373658386.png\" style=\"width: 658px; height: 420px;\" title=\"1492315373658386.png\" width=\"658\" height=\"420\"/></p><p><span style=\"font-size: 14px; font-family: 宋体, SimSun;\"><br clear=\"all\" style=\"page-break-before:always\"/></span></p><p style=\"text-indent: 2112px; text-align: center;\"><span style=\"font-size: 18px; font-family: 宋体, SimSun;\"><strong><span style=\"font-size: 18px; font-family: 宋体;\">《</span></strong><strong><span style=\"font-size: 18px; font-family: Cambria;\">2011</span></strong><strong><span style=\"font-size: 18px; font-family: 宋体;\">中国省级地方政府效率研究报告》发布会暨北京师范大学政府管理研究院揭牌仪式举行</span></strong></span></p><p style=\"text-align: center;\"><span style=\"font-family: 宋体, SimSun;\">2011-10-25来源：北京师范大学转载：中国高校人文社会科学信息网</span></p><p style=\"text-indent: 2em;\"><span style=\"font-family: 宋体, SimSun;\">10月22日，《2011中国省级地方政府效率研究报告》发布会暨北京师范大学政府管理研究院揭牌仪式在新图书馆学术报告厅隆重举行。来自全国政协、国家发改委、国资委、教育部、北京市政府、湖南省政府、美国约翰●霍普金斯大学、法国南特大学、华中科技大学等院校的50多位政府、产、学、研代表出席了此次会议。校学科规划与建设处、社科处、经济与工商管理学院、出版集团等职能部门和兄弟单位负责人到会表示祝贺。</span></p><p style=\"text-indent: 2em;\"><span style=\"font-family: 宋体, SimSun;\">北京师范大学政府管理研究在国内已具有领先性地位，是获得国家首批公共管理一级学科授予权、首批公共管理专业硕士（MPA）招生权和首个自主设置“政府经济管理”专业博士、硕士研究生专业的高校，也是北京市唯一的公共管理一级重点学科院校，集中了一批优秀的中青年专家学者，发表了一大批优秀研究成果。</span></p><p style=\"text-indent: 2em;\"><span style=\"font-family: 宋体, SimSun;\">为进一步加强我校政府管理领域的学科建设，更好地服务国家战略需求，学校成立政府管理研究院，大力开展政府管理特色研究，为各级政府管理经济、社会提供理论支持和决策咨询，这也是国内首家“政府管理研究院”。在揭牌仪式上，北京师范大学党委常委、副校长陈光巨教授到会祝贺并致辞，并聘请全国政协副主席、民革中央主席周铁农为政府管理研究院名誉院长，聘请全国政协提案委员会副主任、原北京市政协主席阳安江为政府管理研究院理事长。</span></p><p style=\"text-indent: 2em;\"><span style=\"font-family: 宋体, SimSun;\">揭牌仪式后，管理学院与政府管理研究院发布了北京师范大学国家“985工程”项目之一——《2011年中国省级地方政府效率研究报告》。《报告》提出，省级地方政府在中国的行政管理体制链条上，具有承上启下、左联右结的枢纽作用。省级地方政府的效率如何，直接关系到整个国家经济社会发展以及国际竞争力。本报告以新公共管理视野，从省级地方政府投入与产出的角度，在总结西方部分国家提升地方政府效率实践经验的基础上，揭示了省级地方政府在中国政府管理中的功能与作用，提出了“提升省级地方政府效率是实现中国国家战略任务的关键”等一系列重要观点。与会专家学者高度评价《报告》发布，认为深化政府效率研究有利于提升地方政府治理水平，对于实现我国国家战略具有关键意义。</span></p><p style=\"text-indent: 2em;\"><span style=\"font-family: 宋体, SimSun;\">《2011中国省级地方政府效率研究报告》，是继管理学院与政府管理研究院发布《2011中国民生发展报告》之后的又一重要研究成果，也是我校积极服务国家战略需求、实施国家“985”工程的成果之一，两报告已一并列入管理学院、政府管理研究院的年度发展报告系列。</span></p><p style=\"text-align: center;\"><img src=\"/ueditor/php/upload/image/20170416/1492315615133988.png\" style=\"width: 689px; height: 399px;\" title=\"1492315615133988.png\" width=\"689\" height=\"399\"/></p><p style=\"text-align: center;\"><img src=\"/ueditor/php/upload/image/20170416/1492315615920148.jpg\" style=\"\" title=\"1492315615920148.jpg\"/></p><p style=\"text-align: center;\"><img src=\"/ueditor/php/upload/image/20170416/1492315615163735.jpg\" style=\"width: 590px; height: 352px;\" title=\"1492315615163735.jpg\" width=\"590\" height=\"352\"/></p><p style=\"text-align: center;\"><span style=\"font-size: 18px; font-family: 宋体, SimSun;\"><strong><span style=\"font-size: 18px; font-family: 宋体;\">北</span>京师范大学发布《2011年中国省级地方政府效率研究报告》</strong></span></p><p style=\"text-align: center;\"><span style=\"font-family: 宋体, SimSun;\">时间：2011-10-30来源：</span><a href=\"http://www.587766.com/\" style=\"font-family: 宋体, SimSun; text-decoration: underline;\"><span style=\"font-family: 宋体, SimSun;\">中国工业信息网</span></a><span style=\"font-family: 宋体, SimSun;\">&nbsp;&nbsp;</span></p><p style=\"text-indent: 0\"><span style=\"font-size: 14px; font-family: 宋体, SimSun;\">　　省级政府效率，江苏、上海、北京位居三甲。</span></p><p style=\"text-indent: 0\"><span style=\"font-size: 14px; font-family: 宋体, SimSun;\"><span style=\"font-size: 14px; font-family: 宋体;\">　　北京师范大学管理学院与政府管理研究院日前首次发布《</span>2011<span style=\"font-size: 14px; font-family: 宋体;\">年中国省级地方政府效率研究报告》。报告指出，北京市的政府效率在</span>31<span style=\"font-size: 14px; font-family: 宋体;\">个省市当中排第三。</span></span></p><p style=\"text-indent: 0\"><span style=\"font-size: 14px; font-family: 宋体, SimSun;\">　　记者发现，政府效率共有四个一级指标，北京在政府公共服务、居民经济福利两大方面都排第二，上海在这两项上位居第一。</span></p><p style=\"text-indent: 0\"><span style=\"font-size: 14px; font-family: 宋体, SimSun;\"><span style=\"font-size: 14px; font-family: 宋体;\">　　此外，政府效率与当地的经济发展有很大关系，排名前</span>10<span style=\"font-size: 14px; font-family: 宋体;\">的省市的</span>GDP<span style=\"font-size: 14px; font-family: 宋体;\">总量也在全国各省份中靠前。</span></span></p><p style=\"text-indent: 0\"><span style=\"font-family: 宋体, SimSun;\"><strong><span style=\"font-family: 宋体; font-size: 14px;\">　　</span></strong><strong><span style=\"font-family: &#39;Times New Roman&#39;; font-size: 14px;\">■</span></strong><strong><span style=\"font-size: 14px; font-family: 宋体;\">名词解释</span></strong></span></p><p style=\"text-indent: 0\"><span style=\"font-size: 14px; font-family: 宋体, SimSun;\"><span style=\"font-size: 14px; font-family: 宋体;\">　　政府效率</span>&nbsp;&nbsp;<span style=\"font-size: 14px; font-family: 宋体;\">即公共管理绩效，指政府从事公共管理过程中以较低的成本、较少的资源实现政府最优产出，达到预定行政目标的水平和能力。</span></span></p><p style=\"text-indent: 0\"><span style=\"font-size: 14px; font-family: 宋体, SimSun;\"><span style=\"font-size: 14px; font-family: 宋体;\">　　为了测量政府效率，该报告设计了一套指标体系，由政府公共服务、公共物品、政府规模、居民经济福利</span>4<span style=\"font-size: 14px; font-family: 宋体;\">个因素及其子因素组成。</span></span></p><p style=\"text-indent: 0\"><span style=\"font-family: 宋体, SimSun;\"><strong><span style=\"font-size: 14px; font-family: 宋体;\">　　整体特点</span></strong></span></p><p style=\"text-indent: 0\"><span style=\"font-family: 宋体, SimSun;\"><strong><span style=\"font-size: 14px; font-family: 宋体;\">　　经济实力强政府效率高</span></strong></span></p><p style=\"text-indent: 0\"><span style=\"font-size: 14px; font-family: 宋体, SimSun;\"><span style=\"font-size: 14px; font-family: 宋体;\">　　按照排名由高到低，政府效率大致呈现出</span>“<span style=\"font-size: 14px; font-family: 宋体;\">东部</span>—<span style=\"font-size: 14px; font-family: 宋体;\">东北部</span>—<span style=\"font-size: 14px; font-family: 宋体;\">中部</span>—<span style=\"font-size: 14px; font-family: 宋体;\">西部</span>”<span style=\"font-size: 14px; font-family: 宋体;\">阶梯形分布趋势。</span></span></p><p style=\"text-indent: 0\"><span style=\"font-size: 14px; font-family: 宋体, SimSun;\">　　政府效率是政府投入和产出之间的对比，一定的人力、物力和财力的投入，是政府配置生产资源、提供公共物品和服务、进行基础设施建设的前提，因此强大的经济支撑有助于提高区域内的政府效率。</span></p><p style=\"text-indent: 0\"><span style=\"font-size: 14px; font-family: 宋体, SimSun;\"><span style=\"font-size: 14px; font-family: 宋体;\">　　从上表可以看出，</span>GDP<span style=\"font-size: 14px; font-family: 宋体;\">总量靠前的省市，其政府效率也靠前，例如江苏、上海、北京、山东等省市。</span></span></p><p style=\"text-indent: 0\"><span style=\"font-family: 宋体, SimSun;\"><span style=\"font-family: 宋体; font-size: 14px;\">　</span><strong><span style=\"font-size: 14px; font-family: 宋体;\">　聚焦北京</span></strong></span></p><p style=\"text-indent: 0\"><span style=\"font-size: 14px; font-family: 宋体, SimSun;\"><span style=\"font-size: 14px; font-family: 宋体;\">　　报告指出，北京政府效率在全国</span>31<span style=\"font-size: 14px; font-family: 宋体;\">个省区市中位居第三，处于领先位置，这得益于北京在教育、卫生等方面的投入，以及学校、医院等拥有一大批高素质的专业人才。</span></span></p><p style=\"text-indent: 0\"><span style=\"font-size: 14px; font-family: 宋体, SimSun;\">　　此外，北京在城市基础设施、居民经济福利等方面都做得不错，排名位居前列。</span></p><p style=\"text-indent: 0\"><span style=\"font-family: 宋体, SimSun;\"><strong><span style=\"font-size: 14px; font-family: 宋体;\">　　政府公共服务</span></strong><strong><span style=\"font-family: 宋体; font-size: 14px;\">&nbsp;</span></strong></span></p><p style=\"text-indent: 0\"><span style=\"font-family: 宋体, SimSun;\"><strong><span style=\"font-size: 14px; font-family: 宋体;\">　　文教争脸</span></strong><strong><span style=\"font-family: 宋体; font-size: 14px;\">&nbsp;&nbsp;</span></strong><strong><span style=\"font-size: 14px; font-family: 宋体;\">北京是个优等生</span></strong></span></p><p style=\"text-indent: 0\"><span style=\"font-size: 14px; font-family: 宋体, SimSun;\"><span style=\"font-size: 14px; font-family: 宋体;\">　　在政府公共服务方面，北京是个优等生。政府公共服务包括科教文卫、公共安全、气象服务、社会保障四大方面。北京在这项</span>“<span style=\"font-size: 14px; font-family: 宋体;\">考卷</span>”<span style=\"font-size: 14px; font-family: 宋体;\">中拿了一个第一，一个第三，其他两项分别为第</span>11<span style=\"font-size: 14px; font-family: 宋体;\">和第</span>30<span style=\"font-size: 14px; font-family: 宋体;\">。</span></span></p><p style=\"text-indent: 0\"><span style=\"font-size: 14px; font-family: 宋体, SimSun;\"><span style=\"font-size: 14px; font-family: 宋体;\">　　参加本次课题报告任务的北师大管理学院博士唐天伟表示，北京有最好的大学，有最多的</span>211<span style=\"font-size: 14px; font-family: 宋体;\">大学，还有</span>80<span style=\"font-size: 14px; font-family: 宋体;\">多所中学，其教育质量在全国都是数一数二。</span></span></p><p style=\"text-indent: 0\"><span style=\"font-size: 14px; font-family: 宋体, SimSun;\"><span style=\"font-size: 14px; font-family: 宋体;\">　　在公共安全上，北京位居第</span>30<span style=\"font-size: 14px; font-family: 宋体;\">。唐天伟表示，公共安全服务包括事故发生了、事故人均损失、刑事立案数量等指标，北京的交通压力大，出现交通事故的可能性也就越大，这一点就可以把排名拉向后面好几位。</span></span></p><p style=\"text-indent: 0\"><span style=\"font-family: 宋体, SimSun;\"><strong><span style=\"font-size: 14px; font-family: 宋体;\">　　政府公共物品</span></strong><strong><span style=\"font-family: 宋体; font-size: 14px;\">&nbsp;</span></strong></span></p><p style=\"text-indent: 0\"><span style=\"font-family: 宋体, SimSun;\"><strong><span style=\"font-size: 14px; font-family: 宋体;\">　　城市</span></strong><strong><span style=\"font-family: 宋体; font-size: 14px;\">“</span></strong><strong><span style=\"font-size: 14px; font-family: 宋体;\">硬件</span></strong><strong><span style=\"font-family: 宋体; font-size: 14px;\">”</span></strong><strong><span style=\"font-size: 14px; font-family: 宋体;\">领先拥堵和房价有压力</span></strong></span></p><p style=\"text-indent: 0\"><span style=\"font-size: 14px; font-family: 宋体, SimSun;\">　　政府公共物品包括社会基础设施和城市基础设施。</span></p><p style=\"text-indent: 0\"><span style=\"font-size: 14px; font-family: 宋体, SimSun;\"><span style=\"font-size: 14px; font-family: 宋体;\">　　城市基础设施包括燃气普及率、公交车人均拥有率、人均绿地面积等</span>“<span style=\"font-size: 14px; font-family: 宋体;\">硬件</span>”<span style=\"font-size: 14px; font-family: 宋体;\">，北京拿了个第一。</span></span></p><p style=\"text-indent: 0\"><span style=\"font-size: 14px; font-family: 宋体, SimSun;\"><span style=\"font-size: 14px; font-family: 宋体;\">　　以</span>2008<span style=\"font-size: 14px; font-family: 宋体;\">年为例，为了迎接奥运会，北京增加绿色植被，修建公共厕所，公交车也增加了好几百辆。此后，北京仍十分重视城市基础建设，所以取得第一名的好成绩。</span></span></p><p style=\"text-indent: 0\"><span style=\"font-size: 14px; font-family: 宋体, SimSun;\">　　唐天伟也指出，随着城市的快速扩张，交通拥堵压力以及房价压力，使得社会基础设施排名相对靠后。</span></p><p style=\"text-indent: 0\"><span style=\"font-family: 宋体, SimSun;\"><span style=\"font-family: 宋体; font-size: 14px;\">　</span><strong><span style=\"font-size: 14px; font-family: 宋体;\">　政府规模</span></strong></span></p><p style=\"text-indent: 0\"><span style=\"font-family: 宋体, SimSun;\"><strong><span style=\"font-size: 14px; font-family: 宋体;\">　　驻京办影响政府效率</span></strong></span></p><p style=\"text-indent: 0\"><span style=\"font-size: 14px; font-family: 宋体, SimSun;\">　　北京是中国的政治中心，各个地方都有北京的相关办事处或者是相关行政部门，加上一些民间的组织，使得在北京的政府规模相当大。</span></p><p style=\"text-indent: 0\"><span style=\"font-family: 宋体, SimSun;\"><strong><span style=\"font-size: 14px; font-family: 宋体;\">　　居民经济福利</span></strong></span></p><p style=\"text-indent: 0\"><span style=\"font-family: 宋体, SimSun;\"><strong><span style=\"font-size: 14px; font-family: 宋体;\">　　人均</span></strong><strong><span style=\"font-family: 宋体; font-size: 14px;\">GDP</span></strong><strong><span style=\"font-size: 14px; font-family: 宋体;\">已步入</span></strong><strong><span style=\"font-family: 宋体; font-size: 14px;\">“</span></strong><strong><span style=\"font-size: 14px; font-family: 宋体;\">富国俱乐部</span></strong><strong><span style=\"font-family: 宋体; font-size: 14px;\">”</span></strong></span></p><p style=\"text-indent: 0\"><span style=\"font-size: 14px; font-family: 宋体, SimSun;\">　　2010<span style=\"font-size: 14px; font-family: 宋体;\">年北京人均</span>GDP<span style=\"font-size: 14px; font-family: 宋体;\">超过</span>1<span style=\"font-size: 14px; font-family: 宋体;\">万美元，按照国际标准来说，已经步入了</span>“<span style=\"font-size: 14px; font-family: 宋体;\">富国俱乐部</span>”<span style=\"font-size: 14px; font-family: 宋体;\">的行列。</span></span></p><p style=\"text-indent: 2em;\"><span style=\"font-family: 宋体, SimSun;\"><span style=\"font-family: 宋体; font-size: 14px;\">此外，北京居民生活用于吃喝方面的支出比例要低于外地，</span><span style=\"font-family: 宋体; font-size: 14px; text-indent: 24px;\">有了更多的经济基础来进行文体娱乐等方面的消费。</span></span></p><p style=\"text-indent: 2em;\"><span style=\"font-family: 宋体; font-size: 14px;\"><br/></span></p><p style=\"text-align: center;\"><img src=\"/ueditor/php/upload/image/20170416/1492315733365038.png\" title=\"1492315733365038.png\" alt=\"QQ图片20170416120114.png\" width=\"676\" height=\"313\" style=\"width: 676px; height: 313px;\"/></p><p style=\"text-align: center;\"><span style=\"font-size: 18px; font-family: 宋体, SimSun;\"><strong>中国第一份省级地方政府效率报告发布于2011年</strong></span></p><p style=\"text-align: center;\"><span style=\"text-decoration: underline; font-size: 14px; font-family: 宋体, SimSun;\">2012/02/17<span style=\"text-decoration: underline; font-size: 14px; font-family: 宋体;\">来源：《中国之最》</span></span></p><p style=\"text-indent: 2em;\"><span style=\"font-family: 宋体, SimSun;\">中国第一份省级地方政府效率报告发布于2011年。该份报告由北京师范大学管理学院与政府管理研究院2011年10月发布，名为《2011年中国省级地方政府效率研究报告》。</span></p><p style=\"text-indent: 24px\"><span style=\"font-size: 14px; font-family: 宋体, SimSun;\"><span style=\"font-size: 14px; font-family: 宋体;\">报告指出，在全国</span>31<span style=\"font-size: 14px; font-family: 宋体;\">个省级地方政府中行政效率最高的是江苏省，上海、北京紧跟其后，位于西部的贵州和西藏排名垫底。</span></span></p><p style=\"text-indent: 24px\"><span style=\"font-size: 14px; font-family: 宋体, SimSun;\"><span style=\"font-size: 14px; font-family: 宋体;\">报告显示，政府效率与当地的经济发展有很大的关系。排名前十的省市的</span>GDP<span style=\"font-size: 14px; font-family: 宋体;\">总量也在全国各省份中靠前。研究人员认为经济发展和政府效率提升之间有相关性，二者互相促进，相辅相成。</span></span></p><p style=\"text-indent: 2em;\"><span style=\"font-size: 14px; font-family: 宋体, SimSun;\"><span style=\"font-size: 14px; font-family: 宋体;\">中国各个省级政府效率大致呈现出</span>“东部—<span style=\"font-size: 14px; font-family: 宋体;\">东北部</span>—<span style=\"font-size: 14px; font-family: 宋体;\">中部</span>—<span style=\"font-size: 14px; font-family: 宋体;\">西部</span>”的阶梯形分布趋势。</span></p><p><br/></p><p style=\"text-align: center;\"><img src=\"/ueditor/php/upload/image/20170416/1492315869369513.png\" title=\"1492315869369513.png\" alt=\"QQ图片20170416120109.png\" width=\"714\" height=\"357\" style=\"width: 714px; height: 357px;\"/></p><p style=\"text-indent: 2em; text-align: center;\"><span style=\"font-size: 18px; font-family: 宋体, SimSun;\"><strong>我国省<span style=\"font-size: 18px; font-family: 宋体;\">级地方政府效率呈现三大特征</span></strong></span></p><p style=\"text-align: center; text-indent: 2em;\"><span style=\"text-decoration: none; font-size: 14px; font-family: 宋体, SimSun;\">2011<span style=\"font-size: 14px; text-decoration: none; font-family: 宋体;\">年</span>10<span style=\"font-size: 14px; text-decoration: none; font-family: 宋体;\">月</span>24<span style=\"font-size: 14px; text-decoration: none; font-family: 宋体;\">日</span>&nbsp;12:19 &nbsp;&nbsp;<span style=\"font-size: 14px; text-decoration: none; font-family: 宋体;\">来源：中国经济网转载：</span>21CN<span style=\"font-size: 14px; text-decoration: none; font-family: 宋体;\">新闻</span></span></p><p style=\"text-indent: 24px\"><span style=\"font-size: 14px; font-family: 宋体, SimSun;\"><span style=\"font-size: 14px; font-family: 宋体;\">中国经济网北京</span>10<span style=\"font-size: 14px; font-family: 宋体;\">月</span>24<span style=\"font-size: 14px; font-family: 宋体;\">日讯日前，由北京师范大学管理学院、政府管理研究院主办</span>“《2011<span style=\"font-size: 14px; font-family: 宋体;\">中国省级地方政府效率研究报告》发布会暨</span>‘北京师范大学政府管理研究院’揭牌仪式”在北京召开。揭牌仪式后，会议主办方北京师范大学管理学院、政府管理研究院联合发布《2011<span style=\"font-size: 14px; font-family: 宋体;\">年中国省级地方政府效率研究报告》。测度并实证分析</span>2011<span style=\"font-size: 14px; font-family: 宋体;\">年中国内地</span>31<span style=\"font-size: 14px; font-family: 宋体;\">个省</span>(<span style=\"font-size: 14px; font-family: 宋体;\">区</span>/<span style=\"font-size: 14px; font-family: 宋体;\">市</span>)<span style=\"font-size: 14px; font-family: 宋体;\">的政府效率，揭示了中国省级地方政府效率呈现区域集中度高、区域总体位次趋势不一致、经济发展和政府效率相关三大特征。</span></span></p><p style=\"text-indent: 24px\"><span style=\"font-size: 14px; font-family: 宋体, SimSun;\">《报告》内容包括三大部分，即总报告、实证报告、专题报告。《报告》系统阐明了国内外研究政府效率的理论基础与现实价值，总结完善了定量测度省级地方政府效率的实践及方法，科学揭示了中国大陆省级地方政府效率的规律性及提升路径。</span></p><p style=\"text-indent: 24px\"><span style=\"font-size: 14px; font-family: 宋体, SimSun;\">其中，总报告简述了研究报告的背景及理论基础，重点论述了新公共管理基本理论观点及其对中国政府改革的启示、总结了西方部分国家提升地方政府效率的实践与经验、揭示了承上启下的省级地方政府在中国政府管理的重要作用、阐明了提升省级地方政府效率对实现中国国家战略的关键意义、提出了研究省级地方政府效率的基础理论与方法。</span></p><p style=\"text-indent: 24px\"><span style=\"font-size: 14px; font-family: 宋体, SimSun;\"><span style=\"font-size: 14px; font-family: 宋体;\">同时，实证报告根据总报告论述的理论与方法，测度并实证分析</span>2011<span style=\"font-size: 14px; font-family: 宋体;\">年中国内地</span>31<span style=\"font-size: 14px; font-family: 宋体;\">个省</span>(<span style=\"font-size: 14px; font-family: 宋体;\">区</span>/<span style=\"font-size: 14px; font-family: 宋体;\">市</span>)<span style=\"font-size: 14px; font-family: 宋体;\">的政府效率，揭示了中国省级地方政府效率的三大特征：一是中国省级地方政府效率的排名区域集中度较高，政府效率由高到低大致呈现出</span>“东部—<span style=\"font-size: 14px; font-family: 宋体;\">东北部</span>—<span style=\"font-size: 14px; font-family: 宋体;\">中部</span>—<span style=\"font-size: 14px; font-family: 宋体;\">西部</span>”的阶梯形分布趋势；二是部分省级地方政府效率呈现出与其所在区域总体位次趋势不一致的情形，比如西部地区的内蒙古、青海和陕西进入全国前15<span style=\"font-size: 14px; font-family: 宋体;\">位，东部地区的海南位于全国第</span>29<span style=\"font-size: 14px; font-family: 宋体;\">位；三是经济发展和政府效率提升之间具有相关性，二者互相促进，相辅相成。</span></span></p><p style=\"text-indent: 24px\"><span style=\"font-size: 14px; font-family: 宋体, SimSun;\"><span style=\"font-size: 14px; font-family: 宋体;\">另外，专题报告重点结合省级地方政府的公共服务职能，着重分析了中国政府的义务教育服务能力及效率、公共卫生与基本医疗服务能力及效率、公共就业服务能力与效率、社会保障服务及绩效、政府投资能力及效率、政府成本与规模、创新政策社会能力建设等方面内容，比较全面地诠释了</span>2011<span style=\"font-size: 14px; font-family: 宋体;\">年中国省级地方政府效率现状，论述了省级地方政府效率提升面临的困境与问题，为进一步优化我国省级地方政府效率及其研究提出了方法与路径。</span></span></p><p style=\"text-indent: 24px\"><span style=\"font-size: 14px; font-family: 宋体, SimSun;\">与会嘉宾指出，深化政府效率研究有利于提升地方政府治理效率，希望《报告》课题组继续加强研究、多出高质量成果，为提升中国省级政府效率、完善地方政府治理提供建议和参考。</span></p><p style=\"text-indent: 24px\"><span style=\"font-size: 14px; font-family: 宋体, SimSun;\"><span style=\"font-size: 14px; font-family: 宋体;\">据北京师范大学管理学院执行院长、政府管理研究院院长、管理学家唐任伍教授介绍称，《报告》由北京师范大学</span>985<span style=\"font-size: 14px; font-family: 宋体;\">工程项目资助，每年下半年发布一次，与《中国民生发展报告》一起，是北京师范大学政府管理研究院为完善政府治理理论、提升政府管理水平的重要研究方向。同时，该《报告》将在增加采集样本与完善评价指标上继续摸索。</span></span></p><p style=\"text-align: right;\"><span style=\"font-family: 宋体; font-size: 14px;\">（责任编辑：王慧梅）<br/></span></p><p style=\"text-align: center;\"><img src=\"/ueditor/php/upload/image/20170416/1492315965130545.jpg\" title=\"1492315965130545.jpg\" alt=\"QQ图片20170416120104.jpg\"/></p><p><br/></p>', '10', '1494864000', '1508228829', '1', '2');
INSERT INTO `blog_detail` VALUES ('119', '4', '国家社科基金重大招标项目《“互联网+”驱动传统产业创新发展路径及模式研究》举行开题会', '<p><img src=\"/ueditor/php/upload/image/20170901/1504235911729689.jpg\" style=\"\" title=\"1504235911729689.jpg\"/></p><p><img src=\"/ueditor/php/upload/image/20170901/1504235911117821.jpg\" style=\"\" title=\"1504235911117821.jpg\"/></p><p><img src=\"/ueditor/php/upload/image/20170901/1504235928148717.jpg\" title=\"1504235928148717.jpg\" alt=\"b2fade4e-0a36-472f-82a9-d3f3bc3a9a30.jpg\"/></p><p><span style=\"font-family:宋体\"><span style=\"font-size:18px\">&nbsp;7月<span style=\"margin: 0px; padding: 0px; border: 0px; font-size: 18px;\">30日，由校长、管理决策评价研究中心主任梅国平教授作为首席专家主持的国家社科基金重大招标项目《“互联网+”驱动传统产业创新发展路径及模式研究》开题报告会在南昌召开。中国工程院院士杨善林教授，第三世界科学院院士、中科院数学与系统研究院党委书记、副院长、中科院预测科学研究中心主任汪寿阳研究员，上海社科院副院长王振研究员，上海交通大学先进产业技术研究院副院长、产业研究中心主任史占中教授，江西省社会科学联合会党组书记、主席吴永明教授，南昌大学黄新建教授，江西财经大学首席教授陶长琪博士等专家组成员，副校长陈运平以及该课题组主要成员参加。陈运平、吴永明先后主持会议开幕式。</span></span></span></p><p><span style=\"font-size:18px;font-family:宋体\">&nbsp;&nbsp;&nbsp; 开幕式上，吴永明代表省社科联、梅国平代表江西师范大学和课题组致辞。</span></p><p><span style=\"font-size:18px;font-family:宋体\">&nbsp;&nbsp;&nbsp; 项目汇报会上，各项目组主要成员围绕项目研究的总体方案和五个子课题的详细方案进行了汇报，杨善林院士、汪寿阳书记等与会专家组对项目进行了点评和研讨，并对课题的研究提出了建设性意见。<br/></span><span style=\"font-family:宋体\"><span style=\"font-size:18px\">&nbsp;&nbsp;&nbsp; 在认真听取各专家意见建议后，课题组首席专家梅国平致答谢辞。他感谢各位专家对课题研究思路、打算提出的宝贵建议，希望各位专家学者常来指导，并表示课题组将认真吸收专家的这些意见建议，进一步完善课题的思路和方案，扎实推进课题项目进行研究，确保课题研究任务的完成，交一份满意答卷。（文<span style=\"margin: 0px; padding: 0px; border: 0px; font-size: 18px;\">/罗序斌&nbsp;图/黄志刚）</span></span></span></p><p><br/></p>', '10', '1504195200', '1504236010', '1', '1');
INSERT INTO `blog_detail` VALUES ('118', '2', '中心研究员唐天伟获得2017年国家社科基金重点项目资助', '<p style=\"text-align: center;\"><span style=\"font-family: 宋体; font-size: 20px;\">中心研究员唐天伟获得2017年国家社科基金重点项目资助</span></p><p style=\"text-align: justify; text-indent: 2em;\"><span style=\"font-family: 宋体, SimSun; font-size: 16px;\">根据全国哲学社会科学规划办公室通知，管理决策评价研究中心常务副主任、研究员唐天伟教授申报课题“我国省级政府效率损失及规避机制研究”获得2017年国家社科基金重点项目资助，实现江西师范大学管理学国家社科基金重点项目立项零的突破。<br/></span></p><p><br/></p>', '10', '1504195200', '1504234493', '1', '1');
INSERT INTO `blog_detail` VALUES ('120', '3', '中心研究员秦敏国家课题立项', '<p style=\"margin-top: 5px; text-align: left;\">根据国家自科基金委通知，管理决策评价研究中心副主任、研究员秦敏教授申报课题“在线用户创新社区用户贡献价值：产品消费和创意采纳的形成机理研究”获得2017年国家自科基金项目资助。</p>', '10', '1504540800', '1504711271', '1', '1');
INSERT INTO `blog_detail` VALUES ('121', '5', '我校在第三届中国“互联网+”大学生创新创业大赛中勇创佳绩', '<p><img title=\"1506087406898718.png\" alt=\"图片1.png\" src=\"/ueditor/php/upload/image/20170922/1506087406898718.png\"/></p><p><img title=\"1506087429513412.png\" alt=\"图片2.png\" src=\"/ueditor/php/upload/image/20170922/1506087429513412.png\"/></p><p style=\"margin: 1em 0px 0px; line-height: 25px; text-indent: 36px;\"><span style=\"font-family: 宋体; font-size: 18px;\">9月18日，第三届中国“互联网+”大学生创新创业大赛在西安电子科技大学落下帷幕。中共中央政治局委员、国务院副总理刘延东亲切接见获奖代表并参观大赛成果展，教育部党组书记、部长陈宝生，陕西省委副书记、省长胡和平，教育部党组成员、副部长林蕙青出席大赛颁奖典礼。经过精彩展示和激烈角逐，我校共斩获3银1铜，总分260分，跻身全国高校20强，并荣获全国先进集体奖（共20个），是全国师范大学、江西省唯一获此殊荣的高校。</span></p><p style=\"margin: 1em 0px 0px; line-height: 25px; text-indent: 36px;\"><span style=\"font-family: 宋体; font-size: 18px;\"><span style=\"font-family: 宋体;\">我校管理决策评价研究中心常务副主任、研究员唐天伟教授指导的学生参赛项目</span>“意笔生花”荣获该大赛全国银奖。</span></p><p style=\"margin: 1em 0px 0px; line-height: 25px; text-indent: 36px;\"><span style=\"font-family: 宋体; font-size: 18px;\"><span style=\"font-family: 宋体;\">本届大赛以</span>“搏击‘互联网+’新时代，壮大创新创业生力军”为主题，由教育部、中央网信办、国家发改委、工信部、人社部、国家知识产权局、中国科学院、中国工程院、团中央和陕西省人民政府共同主办。自3月启动以来，大赛共吸引了2241所高校参赛，团队报名项目37万个、参与学生150万人，参与高校与大学生数量均创新高，参赛项目内容涵盖“互联网+”现代农业、信息技术服务、文化创意、公益创业等多个领域，成为当前中国规格最高、规模最大、影响最广泛的大学生创新创业大赛。</span></p><p style=\"margin: 1em 0px 0px; line-height: 25px; text-indent: 36px;\"><span style=\"font-family: 宋体; font-size: 18px;\"><span style=\"font-family: 宋体;\">在</span></span><span style=\"background: rgb(255, 255, 255); font-family: 宋体; font-size: 18px;\"><span style=\"font-family: 宋体;\">本次大赛中，全国共</span>2241所高校的37万个项目团队参加报名，由江西师范大学管理决策评价研究中心常务副主任——唐天伟教授带领的团队项目“意笔生花”，经过了校赛初赛，省赛复赛，国赛网评一路过关斩将，晋级全国总决赛的现场，在全国13个省市77高校中脱颖而出，获得了全国银奖。这也是在国家对文化创意产业发展的高度重视下，取得的重要的成果。</span></p><p style=\"margin: 1em 0px 0px; line-height: 25px; text-indent: 36px;\"><span style=\"background: rgb(255, 255, 255); font-family: 宋体; font-size: 18px;\"></span></p><table><tbody><tr class=\"firstRow\"><td width=\"83\" valign=\"top\" style=\"-ms-word-break: break-all;\"><span style=\"font-family: 宋体,SimSun; font-size: 18px;\">序号<br/></span></td><td width=\"109\" valign=\"top\" style=\"-ms-word-break: break-all;\"><span style=\"font-family: 宋体,SimSun; font-size: 18px;\">获奖等级<br/></span></td><td width=\"202\" valign=\"top\" style=\"-ms-word-break: break-all;\"><span style=\"font-family: 宋体,SimSun; font-size: 18px;\">项目名称<br/></span></td><td width=\"245\" valign=\"top\" style=\"-ms-word-break: break-all;\"><span style=\"font-family: 宋体,SimSun; font-size: 18px;\">指导老师<br/></span></td><td width=\"140\" valign=\"top\" style=\"-ms-word-break: break-all;\"><span style=\"font-family: 宋体,SimSun; font-size: 18px;\">参赛学生<br/></span></td></tr><tr><td width=\"83\" valign=\"top\" style=\"-ms-word-break: break-all;\"><span style=\"font-family: 宋体,SimSun; font-size: 18px;\">1<br/></span></td><td width=\"109\" valign=\"top\" style=\"-ms-word-break: break-all;\"><span style=\"font-family: 宋体,SimSun; font-size: 18px;\">全国银奖<br/></span></td><td width=\"202\" valign=\"top\" style=\"-ms-word-break: break-all;\"><span style=\"font-family: 宋体,SimSun; font-size: 18px;\">云互艺<br/></span></td><td width=\"245\" valign=\"top\" style=\"-ms-word-break: break-all;\"><span style=\"font-family: 宋体,SimSun; font-size: 18px;\">刘清华<br/></span></td><td width=\"140\" valign=\"top\" style=\"-ms-word-break: break-all;\"><span style=\"font-family: 宋体,SimSun; font-size: 18px;\">崔洁如等<br/></span></td></tr><tr><td width=\"83\" valign=\"top\" style=\"-ms-word-break: break-all;\"><span style=\"font-family: 宋体,SimSun; font-size: 18px;\">2<br/></span></td><td width=\"109\" valign=\"top\" style=\"-ms-word-break: break-all;\"><span style=\"font-family: 宋体,SimSun; font-size: 18px;\">全国银奖<br/></span></td><td width=\"202\" valign=\"top\" style=\"-ms-word-break: break-all;\"><span style=\"font-family: 宋体,SimSun; font-size: 18px;\">灵犀智能盲人眼镜<br/></span></td><td width=\"245\" valign=\"top\" style=\"-ms-word-break: break-all;\"><span style=\"font-family: 宋体,SimSun; font-size: 18px;\">龚俊、柯胜男<br/></span></td><td width=\"140\" valign=\"top\" style=\"-ms-word-break: break-all;\"><span style=\"font-family: 宋体,SimSun; font-size: 18px;\">曾维等<br/></span></td></tr><tr><td width=\"83\" valign=\"top\" style=\"-ms-word-break: break-all;\"><span style=\"font-family: 宋体,SimSun; font-size: 18px;\">3<br/></span></td><td width=\"109\" valign=\"top\" style=\"-ms-word-break: break-all;\"><span style=\"font-family: 宋体,SimSun; font-size: 18px;\">全国银奖<br/></span></td><td width=\"202\" valign=\"top\" style=\"-ms-word-break: break-all;\"><span style=\"font-family: 宋体,SimSun; font-size: 18px;\">意笔生花<br/></span></td><td width=\"245\" valign=\"top\" style=\"-ms-word-break: break-all;\"><span style=\"font-family: 宋体,SimSun; font-size: 18px;\">唐天伟、饶乐、方旺春<br/></span></td><td width=\"140\" valign=\"top\" style=\"-ms-word-break: break-all;\"><span style=\"font-family: 宋体,SimSun; font-size: 18px;\">刘文宇等<br/></span></td></tr><tr><td width=\"83\" valign=\"top\" style=\"-ms-word-break: break-all;\"><span style=\"font-family: 宋体,SimSun; font-size: 18px;\">4<br/></span></td><td width=\"109\" valign=\"top\" style=\"-ms-word-break: break-all;\"><span style=\"font-family: 宋体,SimSun; font-size: 18px;\">全国铜奖<br/></span></td><td width=\"202\" valign=\"top\" style=\"-ms-word-break: break-all;\"><span style=\"font-family: 宋体,SimSun; font-size: 18px;\">清水源多功能净水剂<br/></span></td><td width=\"245\" valign=\"top\" style=\"-ms-word-break: break-all;\"><span style=\"font-family: 宋体,SimSun; font-size: 18px;\">刘清华、余义开<br/></span></td><td width=\"140\" valign=\"top\" style=\"-ms-word-break: break-all;\"><span style=\"font-family: 宋体,SimSun; font-size: 18px;\">何贵峰等<br/></span></td></tr></tbody></table><p style=\"margin: 1em 0px 0px; line-height: 25px; text-indent: 36px;\"><span style=\"background: rgb(255, 255, 255); font-family: 宋体; font-size: 18px;\"></span></p><p style=\"margin: 1em 0px 13px;\"><span style=\"font-family: 宋体; font-size: 15px;\">&nbsp;</span></p><p>&nbsp;</p>', '10', '1506009600', '1506089551', '1', '1');
INSERT INTO `blog_detail` VALUES ('116', '6', '《2017中国地方政府效率研究报告》数据采集会议召开', '<p style=\"text-align: center;\"><br/></p><p><span style=\"font-size: 20px; font-family: 宋体, SimSun;\">2017年4月26日，江西师范大学管理决策评价研究中心组织召开“《2017中国地方政府效率研究报告》数据采集工作会议”。管理决策评价研究中心负责人、《2017中国地方政府效率研究报告》编撰代表唐天伟博士、冯小林博士、刘庆玉博士、刘桂海博士等出席会议。</span></p><p><br/></p><table cellpadding=\"0\" cellspacing=\"0\"><tbody><tr class=\"firstRow\"><td width=\"32\" height=\"0\"><br/></td><td width=\"32\" height=\"0\"><br/></td></tr><tr><td><br/></td><td style=\"text-align: left;\"><img src=\"/ueditor/php/upload/image/20170503/1493742566110677.png\" title=\"1493742566110677.png\" alt=\"图片1.png\"/></td></tr></tbody></table><p><span style=\"font-size: 20px; font-family: 宋体, SimSun;\">&nbsp; &nbsp; &nbsp;<span style=\"font-family: 宋体, SimSun; font-size: 16px;\"> 2017-05-03与会师生认真阅读数据采集相关材料</span></span></p><p><br/></p><p><span style=\"font-size: 20px; font-family: 宋体, SimSun;\">&nbsp;</span></p><p><span style=\"font-size: 20px; font-family: 宋体, SimSun;\">数据采集是江西师范大学管理决策评价研究中心与北京师范大学政府管理研究院合作研究成果——《2017中国地方政府效率研究报告》的基础工作。本次数据采集成员近50人，由我校财金学院、文学院、传播学院、软件学院、国教学院等多个学院、不同专业的师生组成。他们被分为若干个小组，旨在为今年的研究报告提供大量真实有效的数据支持，是研究工作的重要力量。</span></p><p><span style=\"font-size: 20px; font-family: 宋体, SimSun;\">此次会议是数据采集小组的第一次全体会议，是对原数据收集成员成果的充分肯定，也是部署今年数据采集工作的集中动员，有助于推进今年地方政府效率研究报告的顺利开展，标志着研究中心承担的<span style=\"font-family: 宋体, SimSun; font-size: 20px;\">《2017中国地方政府效率研究报告》编撰工作的正式启动。</span></span></p><table cellpadding=\"0\" cellspacing=\"0\"><tbody><tr class=\"firstRow\"><td width=\"12\" height=\"0\"><br/></td><td width=\"12\" height=\"0\" style=\"word-break: break-all;\"><br/></td></tr><tr><td><br/></td><td style=\"text-align: left;\"><img src=\"/ueditor/php/upload/image/20170503/1493742557279448.png\" title=\"1493742557279448.png\" alt=\"图片2.png\"/></td></tr></tbody></table><p>&nbsp; &nbsp;&nbsp;<span style=\"font-family: 宋体, SimSun;\">数据采集工作总负责人、管理决策评价中心常务副主任唐天伟教授讲话</span></p><p><span style=\"font-size: 20px; font-family: 宋体, SimSun;\">江西师范大学管理决策评价研究中心常务副主任，数据采集工作总负责人唐天伟教授在会上发表讲话。他说，数据采集工作不仅涉及的范围广、造成的影响大，对研究报告的顺利编撰发挥基础性、关键作用，而且也是参与人员开展科学研究、提升自我的难得机会，希望全体师生认真负责完成数据采集任务。</span></p><p><span style=\"font-size: 20px; font-family: 宋体, SimSun;\">会议上，数据采集小组主要代表陈妍、查丹燕、车亚江等分别介绍了数据采集分组情况、2017中国地方政府效率测度指标名称、数据来源及其收集方式。与会成员针对数据采集存在的问题开展了分组讨论，会场气氛热烈，取得了良好效果。</span></p><p><span style=\"font-size: 20px; font-family: 宋体, SimSun;\">（文/图&nbsp;&nbsp;江西师范大学管理决策评价研究中心；记者：张予涵、刘晨旭）</span></p><p><br/></p>', '10', '1497110400', '1497273227', '1', '1');
INSERT INTO `blog_detail` VALUES ('117', '7', '管理决策评价研究中心主任梅国平荐读：《老人与海》', '<p style=\"margin: 0px; padding: 0px; text-align: justify; line-height: 24px; text-indent: 2em; background: rgb(255, 255, 255);\"><strong><span style=\"font-family: 宋体;color: rgb(43, 43, 43);letter-spacing: 0;font-size: 18px\"><span style=\"font-family:宋体\">梅国平，男，</span>1962年10月生，教授，博士，博士生导师，博士后合作导师，教育部管理科学与工程类专业教学指导委员会副主任委员，国家社科基金学科评审组专家，财政部跨世纪学科带头人，江西省中青年学科带头人，“赣鄱英才555工程”首批人选， 国务院政府特殊津贴获得者，第十一届全国政协委员，第十二届全国人大代表，民进中央委员、常委。2011年2月起任江西师范大学校长。</span></strong></p><p style=\"margin-top:0;margin-right:0;margin-bottom:0;margin-left:0;text-indent:0;padding:0 0 0 0 ;text-align:justify;text-justify:inter-ideograph;line-height:24px;background:rgb(255,255,255)\"><span style=\"font-family: 宋体;color: rgb(43, 43, 43);letter-spacing: 0;font-size: 18px\"><span style=\"font-family:宋体\">　　那老人再一次扛起他的桨，朝海边走去。已经八十五天了，一条鱼也没有打到。</span></span></p><p style=\"margin-top:0;margin-right:0;margin-bottom:0;margin-left:0;text-indent:0;padding:0 0 0 0 ;text-align:justify;text-justify:inter-ideograph;line-height:24px;background:rgb(255,255,255)\"><span style=\"font-family: 宋体;color: rgb(43, 43, 43);letter-spacing: 0;font-size: 18px\">　　</span><strong><span style=\"font-family: 宋体;color: rgb(43, 43, 43);letter-spacing: 0;font-size: 18px\"><span style=\"font-family:宋体\">淡淡的太阳从海上升起，将他憔悴的身影和他的船冷冷的映在海上。</span></span></strong></p><p style=\"margin-top:0;margin-right:0;margin-bottom:0;margin-left:0;text-indent:0;padding:0 0 0 0 ;text-align:justify;text-justify:inter-ideograph;line-height:24px;background:rgb(255,255,255)\"><span style=\"font-family: 宋体;color: rgb(43, 43, 43);letter-spacing: 0;font-size: 18px\"><span style=\"font-family:宋体\">　　不知过了多久，老人发现，那绿色浮杆急速地往水底沉去，他拉了拉鱼绳，感到了沉重的份量。</span></span></p><p style=\"margin-top:0;margin-right:0;margin-bottom:0;margin-left:0;text-indent:0;padding:0 0 0 0 ;text-align:justify;text-justify:inter-ideograph;line-height:24px;background:rgb(255,255,255)\"><span style=\"font-family: 宋体;color: rgb(43, 43, 43);letter-spacing: 0;font-size: 18px\">&nbsp;&nbsp;&nbsp; 老人全身心地等待着他和那条大鱼的搏斗。他想，他这辈子不会再遇到这么大的鱼了。</span></p><p style=\"margin-top:0;margin-right:0;margin-bottom:0;margin-left:0;text-indent:0;padding:0 0 0 0 ;text-align:justify;text-justify:inter-ideograph;line-height:24px;background:rgb(255,255,255)\"><span style=\"font-family: 宋体;color: rgb(43, 43, 43);letter-spacing: 0;font-size: 18px\"><span style=\"font-family:宋体\">　　太阳落下去了，夜晚来临。老人感到寒冷。那鱼拖着他的小船在海上游了一夜，他没想到等待一场搏斗需要那么长的时间。</span></span></p><p style=\"margin-top:0;margin-right:0;margin-bottom:0;margin-left:0;text-indent:0;padding:0 0 0 0 ;text-align:justify;text-justify:inter-ideograph;line-height:24px;background:rgb(255,255,255)\"><span style=\"font-family: 宋体;color: rgb(43, 43, 43);letter-spacing: 0;font-size: 18px\"><span style=\"font-family:宋体\">　　第二天，当太阳再次升起，老人又冷又饿，已经疲惫不堪。又一个白天过去，那鱼仍拖着他的小船，只是越游越慢。</span></span></p><p style=\"margin-top:0;margin-right:0;margin-bottom:0;margin-left:0;text-indent:0;padding:0 0 0 0 ;text-align:justify;text-justify:inter-ideograph;line-height:24px;background:rgb(255,255,255)\"><span style=\"font-family: 宋体;color: rgb(43, 43, 43);letter-spacing: 0;font-size: 18px\"><span style=\"font-family:宋体\">　　夜幕再次降临，老人精疲力尽。</span></span></p><p style=\"margin-top:0;margin-right:0;margin-bottom:0;margin-left:0;text-indent:0;padding:0 0 0 0 ;text-align:justify;text-justify:inter-ideograph;line-height:24px;background:rgb(255,255,255)\"><span style=\"font-family: 宋体;color: rgb(43, 43, 43);letter-spacing: 0;font-size: 18px\"><span style=\"font-family:宋体\">　　突然，老人看见它的大尾巴从水里露出来，满身紫色条纹，它伸展着巨大的胸鳍，围着小船打转，老人看见了它的眼睛。</span></span></p><p style=\"margin-top:0;margin-right:0;margin-bottom:0;margin-left:0;text-indent:0;padding:0 0 0 0 ;text-align:justify;text-justify:inter-ideograph;line-height:24px;background:rgb(255,255,255)\"><span style=\"font-family: 宋体;color: rgb(43, 43, 43);letter-spacing: 0;font-size: 18px\"><span style=\"font-family:宋体\">老人用绵软的双手努力握紧他的鱼叉。然后站起身，将鱼叉举过头顶，他把鱼叉举到了不可能再高的高度。</span></span></p><p style=\"margin-top:0;margin-right:0;margin-bottom:0;margin-left:0;text-indent:0;padding:0 0 0 0 ;text-align:justify;text-justify:inter-ideograph;line-height:24px;background:rgb(255,255,255)\"><span style=\"font-family: 宋体;color: rgb(43, 43, 43);letter-spacing: 0;font-size: 18px\"><span style=\"font-family:宋体\">　　那鱼挣扎着向老人的小船冲来。它游得那么快，那么有力，坚硬的长刎就像一把利剑！老人拼尽他最后的生命，将鱼叉扎入了大鱼胸鳍后面的鱼腰里。那鳍挺在空中，高过老人的胸膛，老人扎中了大鱼的心脏！那鱼生气勃勃地做了一次最后的挣扎，它跳出水面，跃向空中，把它的长，它的宽，它的威力和它全部的美都展现出来，而后，</span>“轰隆”一声落入水中。</span><strong><span style=\"font-family: 宋体;color: rgb(43, 43, 43);letter-spacing: 0;font-size: 18px\"><span style=\"font-family:宋体\">老人赢了，他战胜了自己，战胜了那条鱼，那条他一生都没见过的美丽的大鱼。</span></span></strong></p><p style=\"margin-top:0;margin-right:0;margin-bottom:0;margin-left:0;text-indent:0;padding:0 0 0 0 ;text-align:justify;text-justify:inter-ideograph;line-height:24px;background:rgb(255,255,255)\"><span style=\"font-family: 宋体;color: rgb(43, 43, 43);letter-spacing: 0;font-size: 18px\"><span style=\"font-family:宋体\">　　这时候，一群无所畏惧的鲨鱼正嗅着血迹朝这里涌来。成群结队的鲨鱼向老人的战利品，那条系在船边的大鱼发起猛攻，那撕咬鱼肉的声音，使老人再一次站立起来。</span></span><strong><span style=\"font-family: 宋体;color: rgb(43, 43, 43);letter-spacing: 0;font-size: 18px\"><span style=\"font-family:宋体\">他重新握紧他的鱼叉，悲壮地站在船头，他决心捍卫他的战利品，就像捍卫他的荣誉！</span></span></strong></p><p style=\"margin-top:0;margin-right:0;margin-bottom:0;margin-left:0;text-indent:0;padding:0 0 0 0 ;text-align:justify;text-justify:inter-ideograph;line-height:24px;background:rgb(255,255,255)\"><span style=\"font-family: 宋体;color: rgb(43, 43, 43);letter-spacing: 0;font-size: 18px\">　　</span><strong><span style=\"font-family: 宋体;color: rgb(43, 43, 43);letter-spacing: 0;font-size: 18px\">“人，并不是生来要给你们打败的。你可以消灭他，可就是打不败他，打不败他。”</span></strong></p><p style=\"margin-top:0;margin-right:0;margin-bottom:0;margin-left:0;text-indent:0;padding:0 0 0 0 ;text-align:justify;text-justify:inter-ideograph;line-height:24px;background:rgb(255,255,255)\"><span style=\"font-family: 宋体;color: rgb(43, 43, 43);letter-spacing: 0;font-size: 18px\"><span style=\"font-family:宋体\">　　老人睡着了。他梦见年轻时候的非洲。他梦见了</span>——狮子。</span></p><p style=\"margin-top:0;margin-right:0;margin-bottom:0;margin-left:0;text-indent:0;padding:0 0 0 0 ;text-align:justify;text-justify:inter-ideograph;line-height:24px;background:rgb(255,255,255)\"><span style=\"font-family: 宋体;color: rgb(43, 43, 43);letter-spacing: 0;font-size: 18px\">&nbsp;&nbsp;&nbsp;&nbsp;</span><strong><span style=\"font-family: 宋体;color: rgb(43, 43, 43);letter-spacing: 0;font-size: 18px\"><span style=\"font-family:宋体\">朗读者：于琳</span></span></strong></p><p style=\"margin-top:0;margin-right:0;margin-bottom:0;margin-left:0;text-indent:0;padding:0 0 0 0 ;text-align:justify;text-justify:inter-ideograph;line-height:24px;background:rgb(255,255,255)\"><span style=\"font-family: 宋体;color: rgb(43, 43, 43);letter-spacing: 0;font-size: 18px\"><span style=\"font-family:宋体\">　　江西师范大学播音主持系主任</span></span></p><p style=\"margin-top:0;margin-right:0;margin-bottom:0;margin-left:0;text-indent:0;padding:0 0 0 0 ;text-align:justify;text-justify:inter-ideograph;line-height:24px;background:rgb(255,255,255)\"><span style=\"font-family: 宋体;color: rgb(43, 43, 43);letter-spacing: 0;font-size: 18px\"><span style=\"font-family:宋体\">　　国家级普通话测试员</span></span></p><p style=\"margin-top:0;margin-right:0;margin-bottom:0;margin-left:0;text-indent:0;padding:0 0 0 0 ;text-align:justify;text-justify:inter-ideograph;line-height:24px;background:rgb(255,255,255)\"><span style=\"font-family: 宋体;color: rgb(43, 43, 43);letter-spacing: 0;font-size: 18px\"><span style=\"font-family:宋体\">　　江西省五一巾帼标兵</span></span></p><p style=\"margin-top:0;margin-right:0;margin-bottom:0;margin-left:0;text-indent:0;padding:0 0 0 0 ;text-align:justify;text-justify:inter-ideograph;line-height:24px;background:rgb(255,255,255)\"><span style=\"font-family: 宋体;color: rgb(43, 43, 43);letter-spacing: 0;font-size: 18px\">　　</span><strong><span style=\"font-family: 宋体;color: rgb(43, 43, 43);letter-spacing: 0;font-size: 18px\"><span style=\"font-family:宋体\">江西师范大学</span></span></strong></p><p style=\"margin-top:0;margin-right:0;margin-bottom:0;margin-left:0;text-indent:0;padding:0 0 0 0 ;text-align:justify;text-justify:inter-ideograph;line-height:24px;background:rgb(255,255,255)\"><span style=\"font-family: 宋体;color: rgb(43, 43, 43);letter-spacing: 0;font-size: 18px\">&nbsp;&nbsp;&nbsp;江西师范大学是教育部、江西省人民政府共建高校和中西部高校基础能力建设工程高校。</span></p><p style=\"margin-top:0;margin-right:0;margin-bottom:0;margin-left:0;text-indent:0;padding:0 0 0 0 ;text-align:justify;text-justify:inter-ideograph;line-height:24px;background:rgb(255,255,255)\"><span style=\"font-family: 宋体;color: rgb(43, 43, 43);letter-spacing: 0;font-size: 18px\"><span style=\"font-family:宋体\">　　学校融文学、历史学、哲学、经济学、管理学、法学、理学、工学、教育学、艺术学等十大学科门类于一体，位于具有深厚历史文化底蕴，素有</span>“物华天宝、人杰地灵”美誉的江西省省会南昌，对江西的政治、经济、文化和社会发展有较大影响，被江西省人民政府确定为优先发展的省属重点（师范）大学。</span></p><p style=\"margin-top:0;margin-right:0;margin-bottom:0;margin-left:0;text-indent:0;padding:0 0 0 0 ;text-align:justify;text-justify:inter-ideograph;line-height:24px;background:rgb(255,255,255)\"><span style=\"font-family: 宋体;color: rgb(43, 43, 43);letter-spacing: 0;font-size: 18px\"><span style=\"font-family:宋体\">　　现有瑶湖、青山湖两个校区，占地面积</span>3500余亩，建筑面积140余万平方米，馆藏纸质文献370余万册，电子图书100余万册。瑶湖校区不设围墙，四周以一条7公里长的瑶河环抱，具有突出的生态人文特色。</span></p><p style=\"margin-top:0;margin-right:0;margin-bottom:0;margin-left:0;text-indent:0;padding:0 0 0 0 ;text-align:justify;text-justify:inter-ideograph;line-height:24px;background:rgb(255,255,255)\"><span style=\"font-family: 宋体;color: rgb(43, 43, 43);letter-spacing: 0;font-size: 18px\"><span style=\"font-family:宋体\">链接：</span><a name=\"OLE_LINK1\"></a></span><a href=\"http://jiangxi.jxnews.com.cn/system/2017/05/03/016081397.shtml\"><span style=\"font-family: 宋体;color: rgb(98, 98, 98);letter-spacing: 0;font-size: 13px\">http://jiangxi.jxnews.com.cn/system/2017/05/03/016081397.shtml</span></a></p><p><span style=\";font-family:Calibri;font-size:14px\">&nbsp;</span></p><p><br/></p>', '10', '1497196800', '1497273215', '1', '1');

-- ----------------------------
-- Table structure for blog_setting
-- ----------------------------
DROP TABLE IF EXISTS `blog_setting`;
CREATE TABLE `blog_setting` (
  `id` int(2) NOT NULL AUTO_INCREMENT,
  `name` varchar(255) NOT NULL,
  `value` varchar(255) NOT NULL,
  PRIMARY KEY (`id`)
) ENGINE=MyISAM AUTO_INCREMENT=5 DEFAULT CHARSET=utf8;

-- ----------------------------
-- Records of blog_setting
-- ----------------------------
INSERT INTO `blog_setting` VALUES ('1', 'title', '稻壳er');
INSERT INTO `blog_setting` VALUES ('2', 'descript', '一枚喜欢到处游走的稻壳，沉溺在代码的梦乡。');
INSERT INTO `blog_setting` VALUES ('3', 'title1', '爱好分享');
INSERT INTO `blog_setting` VALUES ('4', 'descript', '这是一只爱抓小精灵的程序猿的故事');

-- ----------------------------
-- Table structure for blog_user
-- ----------------------------
DROP TABLE IF EXISTS `blog_user`;
CREATE TABLE `blog_user` (
  `id` int(10) unsigned NOT NULL AUTO_INCREMENT,
  `u_num` int(10) NOT NULL,
  `passwd` char(150) NOT NULL,
  `name` varchar(255) NOT NULL,
  `role` tinyint(2) unsigned NOT NULL DEFAULT '0',
  `status` tinyint(1) unsigned NOT NULL DEFAULT '1',
  PRIMARY KEY (`id`,`u_num`)
) ENGINE=MyISAM AUTO_INCREMENT=2 DEFAULT CHARSET=utf8;

-- ----------------------------
-- Records of blog_user
-- ----------------------------
INSERT INTO `blog_user` VALUES ('1', '123', '123123', '稻壳er', '0', '1');
